Champion,Patch
Aatrox,9.9
Aatrox,9.6
Aatrox,9.3
Aatrox,9.2
Aatrox,9.19
Aatrox,9.18
Aatrox,9.14
Aatrox,9.12
Aatrox,8.3
Aatrox,8.24
Aatrox,8.23
Aatrox,8.18
Aatrox,8.16
Aatrox,8.14
Aatrox,8.13
Aatrox,7.8
Aatrox,7.6
Aatrox,7.5
Aatrox,7.24b
Aatrox,7.22
Aatrox,7.19
Aatrox,7.18
Aatrox,7.16
Aatrox,7.15
Aatrox,7.14
Aatrox,5.6
Aatrox,5.11
Aatrox,4.6
Aatrox,4.5
Aatrox,4.20
Aatrox,3.8
Aatrox,3.13
Ahri,9.14
Ahri,8.9
Ahri,8.8
Ahri,8.7
Ahri,8.3
Ahri,8.20
Ahri,8.14
Ahri,8.10
Ahri,7.9
Ahri,7.6
Ahri,7.23
Ahri,7.22
Ahri,7.2
Ahri,7.19
Ahri,7.18
Ahri,7.15
Ahri,7.12
Ahri,7.11
Ahri,7.10
Ahri,6.7
Ahri,6.4
Ahri,6.18
Ahri,6.17
Ahri,6.16
Ahri,6.11
Ahri,6.10
Ahri,5.8
Ahri,5.3
Ahri,5.2
Ahri,5.16
Ahri,5.14
Ahri,5.1
Ahri,4.5
Ahri,4.17
Ahri,4.12
Ahri,3.15
Ahri,3.13
Akali,9.9
Akali,9.7
Akali,9.5
Akali,9.3
Akali,9.24
Akali,9.23
Akali,9.19
Akali,9.18
Akali,9.14
Akali,9.11
Akali,8.4
Akali,8.3
Akali,8.24b
Akali,8.24
Akali,8.23
Akali,8.22
Akali,8.2
Akali,8.18
Akali,8.17
Akali,8.15
Akali,7.22
Akali,7.2
Akali,7.15
Akali,7.12
Akali,6.8
Akali,6.7
Akali,6.3
Akali,6.24
Akali,6.23
Akali,6.22
Akali,5.9
Akali,5.2
Akali,5.10
Akali,4.5
Akali,4.2
Akali,4.18
Akali,4.17
Akali,4.16
Akali,3.7
Akali,3.5
Akali,3.02
Akali,10.7
Akali,10.3
Alistar,9.6
Alistar,9.24b
Alistar,9.14
Alistar,9.1
Alistar,8.7
Alistar,8.5
Alistar,8.3
Alistar,8.24b
Alistar,8.24
Alistar,8.21
Alistar,8.2
Alistar,7.7
Alistar,7.6
Alistar,7.22
Alistar,7.14
Alistar,7.13
Alistar,6.7
Alistar,6.6
Alistar,6.3
Alistar,6.22
Alistar,6.10
Alistar,5.22
Alistar,5.16
Alistar,5.1
Alistar,4.5
Alistar,4.15
Alistar,4.12
Alistar,10.6
Alistar,10.5
Amumu,9.8
Amumu,9.24
Amumu,9.12
Amumu,9.11
Amumu,8.9
Amumu,8.4
Amumu,8.3
Amumu,8.24
Amumu,8.16
Amumu,7.9
Amumu,7.8
Amumu,7.7
Amumu,7.24
Amumu,7.22
Amumu,7.2
Amumu,7.14
Amumu,6.7
Amumu,5.6
Amumu,5.16
Amumu,4.5
Amumu,4.20
Amumu,4.16
Amumu,3.03
Amumu,10.5
Amumu,10.4
Anivia,9.6
Anivia,9.5
Anivia,9.4
Anivia,8.9
Anivia,8.3
Anivia,8.24
Anivia,8.2
Anivia,8.11
Anivia,7.9
Anivia,7.6
Anivia,7.5
Anivia,7.4
Anivia,7.22
Anivia,7.2
Anivia,7.14
Anivia,7.1
Anivia,6.9
Anivia,6.23
Anivia,6.22
Anivia,6.19
Anivia,6.11
Anivia,6.10
Anivia,5.24
Anivia,5.22
Anivia,5.18
Anivia,5.12
Anivia,4.5
Anivia,4.19
Anivia,4.18
Anivia,4.13
Anivia,4.1
Anivia,3.5
Anivia,3.15
Anivia,3.02
Anivia,3.01
Anivia,10.6
Anivia,10.4
Annie,9.6
Annie,9.19
Annie,9.18
Annie,8.9
Annie,8.3
Annie,8.2
Annie,8.17
Annie,7.9
Annie,7.22
Annie,7.15
Annie,6.9
Annie,6.8
Annie,6.7
Annie,6.17
Annie,6.16
Annie,6.15
Annie,6.14
Annie,6.10
Annie,5.9
Annie,5.6
Annie,5.21
Annie,5.2
Annie,4.5
Annie,4.4
Annie,4.13
Annie,4.1
Annie,3.8
Annie,3.01
Annie,10.3
Aphelios,9.24
Aphelios,10.6
Aphelios,10.4
Aphelios,10.3
Aphelios,10.2
Aphelios,10.1
Ashe,9.9
Ashe,9.6
Ashe,9.22
Ashe,9.21
Ashe,9.20
Ashe,9.19
Ashe,9.12
Ashe,9.1
Ashe,8.3
Ashe,8.21
Ashe,8.2
Ashe,8.11
Ashe,8.1
Ashe,7.9
Ashe,7.5
Ashe,7.23
Ashe,7.22
Ashe,7.14
Ashe,6.4
Ashe,6.21
Ashe,6.20
Ashe,6.18
Ashe,6.17
Ashe,5.9
Ashe,5.24
Ashe,5.23
Ashe,5.22
Ashe,5.12
Ashe,5.11
Ashe,4.5
Ashe,4.2
Ashe,4.17
Ashe,3.8
Ashe,3.5
Ashe,3.13
Ashe,3.10
Ashe,3.03
Ashe,3.02
Ashe,10.6
AurelionSol,9.21
AurelionSol,9.2
AurelionSol,9.18
AurelionSol,9.17
AurelionSol,9.14
AurelionSol,8.8
AurelionSol,8.21
AurelionSol,8.2
AurelionSol,8.11
AurelionSol,7.9
AurelionSol,7.24
AurelionSol,7.22
AurelionSol,7.19
AurelionSol,7.13
AurelionSol,6.7
AurelionSol,6.6
AurelionSol,6.19
AurelionSol,6.18
AurelionSol,6.11
AurelionSol,6.10
AurelionSol,10.4
AurelionSol,10.1
Azir,9.7
Azir,9.4
Azir,9.16
Azir,9.14
Azir,8.9
Azir,8.8
Azir,8.5
Azir,8.3
Azir,8.22
Azir,7.9
Azir,7.3
Azir,7.24b
Azir,7.23
Azir,7.22
Azir,7.21
Azir,7.20
Azir,7.2
Azir,7.19
Azir,7.18
Azir,7.15
Azir,7.11
Azir,6.6
Azir,6.5
Azir,6.24
Azir,6.16
Azir,6.14
Azir,6.11
Azir,5.5
Azir,5.4
Azir,5.3
Azir,5.24
Azir,5.23
Azir,5.22
Azir,5.20
Azir,5.2
Azir,5.18
Azir,5.17
Azir,5.16
Azir,5.14
Azir,5.1
Azir,4.21
Azir,4.20
Azir,4.19
Azir,4.18
Azir,4.16
Azir,10.7
Azir,10.5
Azir,10.3
Azir,10.1
Bard,9.18
Bard,9.14
Bard,8.7
Bard,8.17
Bard,8.10
Bard,7.9
Bard,7.7
Bard,7.4
Bard,7.24
Bard,7.22
Bard,7.15
Bard,7.1
Bard,6.7
Bard,6.24
Bard,6.14
Bard,6.12
Bard,6.1
Bard,5.8
Bard,5.7
Bard,5.6
Bard,5.5
Bard,5.24
Bard,5.17
Bard,5.16
Bard,10.5
Blitzcrank,9.9
Blitzcrank,9.22
Blitzcrank,9.20
Blitzcrank,9.19
Blitzcrank,9.14
Blitzcrank,8.8
Blitzcrank,8.3
Blitzcrank,7.3
Blitzcrank,7.23
Blitzcrank,7.22
Blitzcrank,7.2
Blitzcrank,6.7
Blitzcrank,6.13
Blitzcrank,5.8
Blitzcrank,5.7
Blitzcrank,5.22
Blitzcrank,5.16
Blitzcrank,4.8
Blitzcrank,4.5
Blitzcrank,4.19
Blitzcrank,4.18
Blitzcrank,4.13
Blitzcrank,3.01
Blitzcrank,10.6
Blitzcrank,10.5
Brand,9.7
Brand,9.5
Brand,9.2
Brand,9.10
Brand,9.1
Brand,8.9
Brand,8.3
Brand,8.2
Brand,8.1
Brand,7.9
Brand,7.5
Brand,7.22
Brand,7.20
Brand,7.18
Brand,7.15
Brand,6.9
Brand,6.3
Brand,6.24
Brand,6.1
Brand,5.24
Brand,5.22
Brand,5.20
Brand,5.11
Brand,4.5
Brand,4.18
Brand,4.16
Brand,3.9
Brand,3.6
Brand,3.15
Brand,10.6
Braum,9.7
Braum,9.24
Braum,9.1
Braum,8.8
Braum,8.3
Braum,8.2
Braum,8.18
Braum,7.7
Braum,7.24
Braum,7.22
Braum,7.16
Braum,7.1
Braum,6.21
Braum,6.16
Braum,6.15
Braum,6.14
Braum,5.18
Braum,5.16
Braum,5.12
Braum,4.9
Braum,4.7
Braum,4.13
Braum,4.11
Braum,10.3
Braum,10.2
Caitlyn,9.9
Caitlyn,9.6
Caitlyn,9.22
Caitlyn,9.19
Caitlyn,9.18
Caitlyn,9.12
Caitlyn,9.10
Caitlyn,9.1
Caitlyn,8.9
Caitlyn,8.3
Caitlyn,8.24b
Caitlyn,8.2
Caitlyn,8.13
Caitlyn,8.12
Caitlyn,8.11
Caitlyn,7.9
Caitlyn,7.4
Caitlyn,7.22
Caitlyn,7.21
Caitlyn,7.20
Caitlyn,7.19
Caitlyn,7.16
Caitlyn,7.15
Caitlyn,7.14
Caitlyn,7.12
Caitlyn,7.11
Caitlyn,6.7
Caitlyn,6.4
Caitlyn,6.15
Caitlyn,6.1
Caitlyn,5.8
Caitlyn,5.24
Caitlyn,5.23
Caitlyn,5.22
Caitlyn,5.21
Caitlyn,5.18
Caitlyn,5.11
Caitlyn,4.5
Caitlyn,4.15
Caitlyn,4.12
Caitlyn,4.11
Caitlyn,4.1
Caitlyn,3.7
Caitlyn,3.15
Caitlyn,3.02
Caitlyn,10.4
Caitlyn,10.2
Camille,9.8
Camille,9.3
Camille,9.17
Camille,9.14
Camille,8.24
Camille,8.13
Camille,7.7
Camille,7.4
Camille,7.3
Camille,7.24
Camille,7.22
Camille,7.2
Camille,7.12
Camille,7.1
Camille,6.24
Cassiopeia,9.8
Cassiopeia,9.3
Cassiopeia,9.2
Cassiopeia,9.14
Cassiopeia,8.9
Cassiopeia,8.7
Cassiopeia,8.3
Cassiopeia,8.24b
Cassiopeia,8.2
Cassiopeia,8.14
Cassiopeia,8.1
Cassiopeia,7.9
Cassiopeia,7.5
Cassiopeia,7.4
Cassiopeia,7.24b
Cassiopeia,7.22
Cassiopeia,7.18
Cassiopeia,7.17
Cassiopeia,7.16
Cassiopeia,7.15
Cassiopeia,7.10
Cassiopeia,6.9
Cassiopeia,6.22
Cassiopeia,6.2
Cassiopeia,6.19
Cassiopeia,6.11
Cassiopeia,6.10
Cassiopeia,5.6
Cassiopeia,5.5
Cassiopeia,5.2
Cassiopeia,5.18
Cassiopeia,5.10
Cassiopeia,4.5
Cassiopeia,4.21
Cassiopeia,4.17
Cassiopeia,4.16
Cassiopeia,4.15
Cassiopeia,4.13
Cassiopeia,3.7
Cassiopeia,3.12
Cassiopeia,10.2
Chogath,9.7
Chogath,9.5
Chogath,9.20
Chogath,9.10
Chogath,8.7
Chogath,8.5
Chogath,8.3
Chogath,8.2
Chogath,8.10
Chogath,8.1
Chogath,7.9
Chogath,7.7
Chogath,7.6
Chogath,7.5
Chogath,7.4
Chogath,7.24
Chogath,7.22
Chogath,7.21
Chogath,7.20
Chogath,7.19
Chogath,7.17
Chogath,7.15
Chogath,7.14
Chogath,7.13
Chogath,6.8
Chogath,6.7
Chogath,6.6
Chogath,6.5
Chogath,6.20
Chogath,5.21
Chogath,4.8
Chogath,4.5
Chogath,4.21
Chogath,4.18
Chogath,3.15
Chogath,3.01
Chogath,10.4
Corki,9.16
Corki,9.14
Corki,9.13
Corki,9.1
Corki,8.6
Corki,8.3
Corki,8.24b
Corki,8.14
Corki,8.12
Corki,7.9
Corki,7.6
Corki,7.4
Corki,7.24b
Corki,7.24
Corki,7.22
Corki,7.16
Corki,7.12
Corki,6.7
Corki,6.3
Corki,6.19
Corki,6.17
Corki,6.15
Corki,6.12
Corki,6.11
Corki,5.23
Corki,5.22
Corki,5.18
Corki,5.1
Corki,4.5
Corki,4.3
Corki,4.21
Corki,4.17
Corki,4.16
Corki,3.9
Corki,3.8
Corki,3.6
Corki,3.14
Corki,3.13
Corki,10.7
Corki,10.3
Corki,10.1
Darius,9.9
Darius,9.5
Darius,9.24
Darius,9.23
Darius,9.16
Darius,8.8
Darius,8.7
Darius,8.4
Darius,8.3
Darius,8.2
Darius,8.19
Darius,8.15
Darius,8.14
Darius,7.7
Darius,7.24
Darius,7.22
Darius,7.2
Darius,7.14
Darius,7.11
Darius,7.1
Darius,6.8
Darius,6.23
Darius,6.15
Darius,6.14
Darius,6.11
Darius,5.7
Darius,5.21
Darius,5.20
Darius,5.18
Darius,5.17
Darius,5.16
Darius,5.14
Darius,4.5
Darius,4.1
Darius,3.8
Darius,3.03
Darius,10.6
Darius,10.5
Darius,10.4
Darius,10.2
Diana,9.8
Diana,9.6
Diana,9.24
Diana,9.23
Diana,9.20
Diana,9.18
Diana,9.14
Diana,9.13
Diana,9.11
Diana,8.9
Diana,8.3
Diana,8.2
Diana,8.14
Diana,8.11
Diana,7.22
Diana,7.14
Diana,7.10
Diana,6.20
Diana,6.17
Diana,5.3
Diana,4.9
Diana,4.5
Diana,4.4
Diana,4.21
Diana,4.18
Diana,3.7
Diana,3.01
Diana,10.4
Diana,10.3
Draven,9.9
Draven,9.15
Draven,9.11
Draven,9.1
Draven,8.8
Draven,8.3
Draven,8.21
Draven,8.2
Draven,8.19
Draven,8.14
Draven,8.11
Draven,7.9
Draven,7.4
Draven,7.22
Draven,7.21
Draven,7.20
Draven,7.17
Draven,7.15
Draven,7.1
Draven,6.21
Draven,6.17
Draven,6.11
Draven,5.22
Draven,5.17
Draven,4.5
Draven,4.10
Draven,3.9
Draven,3.6
Draven,3.5
Draven,3.11
Draven,10.7
Draven,10.6
Draven,10.2
Draven,10.1
DrMundo,9.8
DrMundo,9.7
DrMundo,9.5
DrMundo,9.4
DrMundo,9.16
DrMundo,9.1
DrMundo,8.9
DrMundo,8.3
DrMundo,8.24
DrMundo,8.14
DrMundo,8.13
DrMundo,8.10
DrMundo,7.6
DrMundo,7.24
DrMundo,7.23
DrMundo,7.22
DrMundo,7.19
DrMundo,7.15
DrMundo,7.11
DrMundo,6.7
DrMundo,6.2
DrMundo,6.19
DrMundo,6.12
DrMundo,5.8
DrMundo,5.24
DrMundo,5.20
DrMundo,4.5
DrMundo,4.2
DrMundo,4.13
DrMundo,3.6
DrMundo,10.4
Ekko,9.9
Ekko,9.24
Ekko,9.23
Ekko,9.18
Ekko,9.16
Ekko,9.11
Ekko,8.8
Ekko,8.22
Ekko,8.2
Ekko,7.22
Ekko,7.21
Ekko,7.15
Ekko,7.14
Ekko,7.12
Ekko,7.1
Ekko,6.8
Ekko,6.6
Ekko,6.3
Ekko,6.22
Ekko,6.18
Ekko,6.17
Ekko,6.11
Ekko,6.1
Ekko,5.24
Ekko,5.15
Ekko,5.14
Ekko,5.13
Ekko,5.12
Ekko,5.11
Ekko,5.10
Ekko,10.3
Elise,9.6
Elise,8.7
Elise,8.3
Elise,8.2
Elise,8.19
Elise,8.14
Elise,8.12
Elise,7.9
Elise,7.7
Elise,7.4
Elise,7.22
Elise,7.18
Elise,7.15
Elise,7.14
Elise,7.11
Elise,6.2
Elise,6.18
Elise,6.17
Elise,6.12
Elise,6.1
Elise,5.6
Elise,5.18
Elise,5.16
Elise,5.14
Elise,5.13
Elise,5.12
Elise,5.1
Elise,4.9
Elise,4.5
Elise,4.4
Elise,4.2
Elise,4.13
Elise,3.7
Elise,3.10
Elise,3.04
Elise,3.01
Evelynn,9.3
Evelynn,9.24b
Evelynn,9.23
Evelynn,9.2
Evelynn,9.18
Evelynn,9.15
Evelynn,8.4
Evelynn,8.24
Evelynn,8.20
Evelynn,8.2
Evelynn,8.1
Evelynn,7.24
Evelynn,7.22
Evelynn,7.21
Evelynn,7.20
Evelynn,7.14
Evelynn,6.8
Evelynn,6.7
Evelynn,6.23
Evelynn,6.22
Evelynn,6.17
Evelynn,6.15
Evelynn,5.7
Evelynn,5.6
Evelynn,5.22
Evelynn,5.20
Evelynn,5.14
Evelynn,5.1
Evelynn,4.20
Evelynn,4.2
Evelynn,4.18
Evelynn,4.13
Evelynn,4.1
Ezreal,9.24b
Ezreal,9.23
Ezreal,9.16
Ezreal,9.13
Ezreal,8.3
Ezreal,8.24
Ezreal,8.23
Ezreal,8.21
Ezreal,8.20
Ezreal,8.2
Ezreal,8.19
Ezreal,8.15
Ezreal,8.14
Ezreal,8.12
Ezreal,8.11
Ezreal,7.9
Ezreal,7.7
Ezreal,7.3
Ezreal,7.24b
Ezreal,7.24
Ezreal,7.22
Ezreal,7.19
Ezreal,7.17
Ezreal,7.15
Ezreal,7.11
Ezreal,7.10
Ezreal,6.4
Ezreal,6.21
Ezreal,6.17
Ezreal,5.22
Ezreal,5.20
Ezreal,5.18
Ezreal,5.13
Ezreal,4.5
Ezreal,4.4
Ezreal,4.20
Ezreal,4.19
Ezreal,4.18
Ezreal,4.16
Ezreal,4.12
Ezreal,3.6
Ezreal,3.10
Ezreal,3.01
Ezreal,10.4
Ezreal,10.3
Fiddlesticks,9.6
Fiddlesticks,9.23
Fiddlesticks,9.17
Fiddlesticks,8.9
Fiddlesticks,8.4
Fiddlesticks,8.3
Fiddlesticks,8.2
Fiddlesticks,8.15
Fiddlesticks,7.9
Fiddlesticks,7.6
Fiddlesticks,7.22
Fiddlesticks,7.16
Fiddlesticks,7.1
Fiddlesticks,6.9
Fiddlesticks,6.8
Fiddlesticks,6.7
Fiddlesticks,6.24
Fiddlesticks,6.23
Fiddlesticks,6.10
Fiddlesticks,6.1
Fiddlesticks,5.3
Fiddlesticks,5.22
Fiddlesticks,4.5
Fiddlesticks,4.3
Fiddlesticks,4.21
Fiddlesticks,4.19
Fiddlesticks,4.15
Fiddlesticks,3.6
Fiddlesticks,3.15
Fiddlesticks,3.10
Fiddlesticks,3.03
Fiddlesticks,10.7
Fiddlesticks,10.5
Fiora,9.8
Fiora,9.7
Fiora,9.2
Fiora,9.19
Fiora,9.16
Fiora,9.10
Fiora,8.3
Fiora,8.24
Fiora,8.22
Fiora,8.19
Fiora,8.17
Fiora,7.7
Fiora,7.6
Fiora,7.22
Fiora,7.18
Fiora,7.16
Fiora,7.15
Fiora,7.14
Fiora,7.11
Fiora,6.6
Fiora,6.4
Fiora,6.22
Fiora,6.21
Fiora,6.2
Fiora,6.16
Fiora,6.14
Fiora,6.13
Fiora,5.20
Fiora,5.18
Fiora,5.15
Fiora,4.5
Fiora,4.4
Fiora,4.20
Fiora,4.17
Fiora,4.1
Fiora,3.15
Fiora,3.11
Fizz,9.22
Fizz,9.15
Fizz,9.14
Fizz,8.3
Fizz,8.16
Fizz,8.15
Fizz,8.14
Fizz,7.9
Fizz,7.6
Fizz,7.5
Fizz,7.22
Fizz,7.18
Fizz,7.16
Fizz,7.10
Fizz,7.1
Fizz,6.24
Fizz,6.23
Fizz,6.22
Fizz,6.20
Fizz,6.16
Fizz,6.12
Fizz,6.10
Fizz,5.7
Fizz,5.22
Fizz,5.2
Fizz,5.17
Fizz,5.1
Fizz,4.5
Fizz,4.4
Fizz,4.2
Fizz,4.13
Fizz,3.13
Fizz,3.10
Galio,9.2
Galio,9.17
Galio,9.15
Galio,9.14
Galio,9.11
Galio,9.1
Galio,8.9
Galio,8.8
Galio,8.7
Galio,8.5
Galio,8.24
Galio,8.2
Galio,8.1
Galio,7.8
Galio,7.7
Galio,7.6
Galio,7.24
Galio,7.22
Galio,7.21
Galio,7.16
Galio,7.13
Galio,6.8
Galio,6.7
Galio,5.6
Galio,5.22
Galio,5.18
Galio,5.15
Galio,5.12
Galio,4.5
Galio,4.21
Galio,4.17
Galio,4.10
Galio,3.11
Galio,10.7
Galio,10.3
Gangplank,9.5
Gangplank,9.22
Gangplank,8.6
Gangplank,8.4
Gangplank,8.23
Gangplank,8.1
Gangplank,7.4
Gangplank,7.3
Gangplank,7.22
Gangplank,7.21
Gangplank,7.2
Gangplank,7.15
Gangplank,7.13
Gangplank,6.4
Gangplank,6.22
Gangplank,6.2
Gangplank,6.17
Gangplank,6.1
Gangplank,5.5
Gangplank,5.21
Gangplank,5.18
Gangplank,5.17
Gangplank,5.15
Gangplank,5.14
Gangplank,4.5
Gangplank,4.18
Gangplank,4.13
Gangplank,3.8
Gangplank,10.6
Gangplank,10.3
Garen,9.7
Garen,9.24b
Garen,9.24
Garen,9.23
Garen,9.21
Garen,9.20
Garen,9.1
Garen,8.9
Garen,8.8
Garen,8.3
Garen,8.2
Garen,8.17
Garen,8.15
Garen,8.10
Garen,7.22
Garen,7.14
Garen,6.8
Garen,6.7
Garen,6.24
Garen,6.20
Garen,5.7
Garen,5.19
Garen,5.18
Garen,5.17
Garen,5.16
Garen,4.5
Garen,4.18
Garen,4.17
Garen,4.13
Garen,4.12
Garen,3.15
Garen,3.12
Garen,3.03
Garen,10.7
Garen,10.6
Garen,10.4
Garen,10.3
Garen,10.2
Gnar,9.8
Gnar,9.6
Gnar,9.4
Gnar,9.24b
Gnar,9.16
Gnar,8.4
Gnar,8.15
Gnar,8.1
Gnar,7.9
Gnar,7.7
Gnar,7.6
Gnar,7.3
Gnar,7.22
Gnar,7.18
Gnar,7.13
Gnar,6.5
Gnar,6.22
Gnar,6.18
Gnar,6.13
Gnar,6.12
Gnar,5.3
Gnar,5.23
Gnar,5.1
Gnar,4.20
Gnar,4.16
Gnar,4.15
Gnar,4.14
Gnar,10.4
Gragas,9.4
Gragas,9.19
Gragas,9.15
Gragas,9.11
Gragas,9.1
Gragas,8.7
Gragas,8.4
Gragas,8.24
Gragas,8.21
Gragas,8.13
Gragas,7.8
Gragas,7.23
Gragas,7.22
Gragas,7.2
Gragas,7.18
Gragas,7.15
Gragas,7.11
Gragas,7.10
Gragas,6.7
Gragas,6.3
Gragas,6.17
Gragas,6.14
Gragas,5.5
Gragas,5.3
Gragas,5.17
Gragas,5.12
Gragas,5.10
Gragas,4.6
Gragas,4.5
Gragas,4.3
Gragas,4.20
Gragas,4.2
Gragas,4.19
Gragas,4.14
Gragas,4.13
Gragas,4.10
Gragas,3.14
Gragas,10.6
Gragas,10.5
Graves,9.5
Graves,9.24b
Graves,9.19
Graves,9.17
Graves,9.15
Graves,9.10
Graves,8.8
Graves,8.7
Graves,8.6
Graves,8.24
Graves,8.20
Graves,8.11
Graves,8.1
Graves,7.9
Graves,7.7
Graves,7.24
Graves,7.23
Graves,7.22
Graves,7.20
Graves,7.2
Graves,7.19
Graves,7.10
Graves,6.8
Graves,6.3
Graves,6.24
Graves,6.21
Graves,6.2
Graves,6.16
Graves,6.15
Graves,6.14
Graves,5.8
Graves,5.22
Graves,4.5
Graves,4.19
Graves,4.18
Graves,4.17
Graves,4.15
Graves,4.13
Graves,10.6
Graves,10.5
Hecarim,9.9
Hecarim,9.6
Hecarim,9.4
Hecarim,8.7
Hecarim,8.16
Hecarim,7.22
Hecarim,7.17
Hecarim,7.11
Hecarim,7.1
Hecarim,6.7
Hecarim,6.5
Hecarim,6.20
Hecarim,6.2
Hecarim,6.15
Hecarim,6.14
Hecarim,6.12
Hecarim,5.9
Hecarim,5.7
Hecarim,5.24
Hecarim,5.23
Hecarim,5.22
Hecarim,5.11
Hecarim,5.1
Hecarim,4.5
Hecarim,4.13
Hecarim,4.1
Hecarim,3.9
Hecarim,3.8
Hecarim,3.03
Hecarim,10.6
Heimerdinger,9.6
Heimerdinger,9.24b
Heimerdinger,9.21
Heimerdinger,9.19
Heimerdinger,9.1
Heimerdinger,8.9
Heimerdinger,8.24
Heimerdinger,8.22
Heimerdinger,8.1
Heimerdinger,7.9
Heimerdinger,7.4
Heimerdinger,7.22
Heimerdinger,7.16
Heimerdinger,7.15
Heimerdinger,7.12
Heimerdinger,7.11
Heimerdinger,7.10
Heimerdinger,6.24
Heimerdinger,6.1
Heimerdinger,4.5
Heimerdinger,4.4
Heimerdinger,4.20
Heimerdinger,4.17
Heimerdinger,4.13
Heimerdinger,4.11
Heimerdinger,3.13
Heimerdinger,3.12
Heimerdinger,3.01
Illaoi,9.9
Illaoi,9.8
Illaoi,9.5
Illaoi,9.19
Illaoi,9.18
Illaoi,9.15
Illaoi,9.13
Illaoi,9.11
Illaoi,9.1
Illaoi,8.6
Illaoi,8.3
Illaoi,8.24
Illaoi,8.20
Illaoi,8.18
Illaoi,8.14
Illaoi,8.13
Illaoi,7.7
Illaoi,7.6
Illaoi,7.24
Illaoi,7.23
Illaoi,7.22
Illaoi,7.17
Illaoi,7.11
Illaoi,6.9
Illaoi,6.5
Illaoi,6.4
Illaoi,6.3
Illaoi,6.22
Illaoi,6.15
Illaoi,6.14
Illaoi,6.11
Illaoi,6.10
Illaoi,5.23
Illaoi,10.6
Illaoi,10.3
Illaoi,10.1
Irelia,9.9
Irelia,9.3
Irelia,9.2
Irelia,9.15
Irelia,9.12
Irelia,8.9
Irelia,8.8
Irelia,8.7
Irelia,8.3
Irelia,8.24
Irelia,8.21
Irelia,8.2
Irelia,8.17
Irelia,8.15
Irelia,8.13
Irelia,7.22
Irelia,7.16
Irelia,7.15
Irelia,7.14
Irelia,6.7
Irelia,6.16
Irelia,6.13
Irelia,5.6
Irelia,5.22
Irelia,4.5
Irelia,4.16
Irelia,4.13
Ivern,9.6
Ivern,9.21
Ivern,9.20
Ivern,8.9
Ivern,8.7
Ivern,8.3
Ivern,8.21
Ivern,8.12
Ivern,7.8
Ivern,7.7
Ivern,7.6
Ivern,7.3
Ivern,7.24
Ivern,7.22
Ivern,7.19
Ivern,7.18
Ivern,7.14
Ivern,7.12
Ivern,7.11
Ivern,7.10
Ivern,7.1
Ivern,6.24
Ivern,6.22
Ivern,6.21
Ivern,6.20
Ivern,10.7
Ivern,10.6
Janna,9.11
Janna,8.9
Janna,8.8
Janna,8.5
Janna,8.3
Janna,8.2
Janna,8.19
Janna,8.12
Janna,7.9
Janna,7.22
Janna,7.19
Janna,7.11
Janna,6.7
Janna,6.6
Janna,6.23
Janna,6.22
Janna,6.21
Janna,5.4
Janna,5.22
Janna,5.17
Janna,5.1
Janna,4.5
Janna,4.19
Janna,4.13
Janna,4.1
Janna,3.15
Janna,3.14
Janna,3.04
Janna,3.03
Janna,3.02
JarvanIV,9.9
JarvanIV,9.7
JarvanIV,9.2
JarvanIV,9.13
JarvanIV,9.1
JarvanIV,8.6
JarvanIV,8.5
JarvanIV,8.3
JarvanIV,8.20
JarvanIV,8.2
JarvanIV,8.19
JarvanIV,8.15
JarvanIV,8.14
JarvanIV,8.13
JarvanIV,7.7
JarvanIV,7.24
JarvanIV,7.22
JarvanIV,7.19
JarvanIV,7.18
JarvanIV,6.7
JarvanIV,6.5
JarvanIV,6.15
JarvanIV,6.14
JarvanIV,6.13
JarvanIV,5.4
JarvanIV,5.18
JarvanIV,5.13
JarvanIV,5.12
JarvanIV,4.7
JarvanIV,4.5
JarvanIV,4.21
JarvanIV,4.19
JarvanIV,4.15
JarvanIV,4.13
JarvanIV,4.1
JarvanIV,3.7
JarvanIV,3.13
JarvanIV,3.04
JarvanIV,3.02
Jax,9.9
Jax,9.2
Jax,9.16
Jax,9.1
Jax,8.4
Jax,8.3
Jax,8.24
Jax,8.2
Jax,7.8
Jax,7.5
Jax,7.22
Jax,7.19
Jax,7.16
Jax,7.12
Jax,7.11
Jax,7.10
Jax,6.7
Jax,6.3
Jax,6.11
Jax,5.22
Jax,5.17
Jax,5.12
Jax,4.5
Jax,4.21
Jax,4.13
Jax,4.11
Jax,10.1
Jayce,9.8
Jayce,9.6
Jayce,9.2
Jayce,9.18
Jayce,9.15
Jayce,9.14
Jayce,9.11
Jayce,9.1
Jayce,8.3
Jayce,8.24
Jayce,8.2
Jayce,7.9
Jayce,7.3
Jayce,7.24b
Jayce,7.23
Jayce,7.22
Jayce,7.16
Jayce,7.15
Jayce,7.12
Jayce,6.6
Jayce,6.22
Jayce,6.17
Jayce,6.1
Jayce,5.22
Jayce,5.13
Jayce,5.11
Jayce,5.1
Jayce,4.5
Jayce,4.21
Jayce,3.9
Jayce,10.4
Jayce,10.3
Jayce,10.1
Jhin,9.8
Jhin,9.5
Jhin,9.18
Jhin,9.14
Jhin,9.12
Jhin,9.1
Jhin,8.9
Jhin,8.6
Jhin,8.5
Jhin,8.3
Jhin,8.22
Jhin,8.2
Jhin,8.13
Jhin,8.12
Jhin,8.11
Jhin,7.9
Jhin,7.7
Jhin,7.6
Jhin,7.5
Jhin,7.4
Jhin,7.22
Jhin,7.19
Jhin,7.17
Jhin,7.12
Jhin,6.7
Jhin,6.4
Jhin,6.3
Jhin,6.24
Jhin,6.2
Jhin,6.17
Jhin,10.2
Jinx,9.7
Jinx,9.18
Jinx,9.16
Jinx,9.1
Jinx,8.3
Jinx,8.2
Jinx,8.14
Jinx,8.13
Jinx,8.11
Jinx,8.1
Jinx,7.9
Jinx,7.7
Jinx,7.23
Jinx,7.22
Jinx,7.17
Jinx,7.15
Jinx,7.13
Jinx,6.22
Jinx,6.20
Jinx,6.17
Jinx,6.10
Jinx,6.1
Jinx,5.8
Jinx,5.24
Jinx,5.22
Jinx,5.10
Jinx,4.5
Jinx,4.21
Jinx,4.13
Jinx,4.1
Jinx,3.13
Jinx,3.12
Jinx,10.4
Jinx,10.3
Jinx,10.2
Kaisa,9.4
Kaisa,9.22
Kaisa,9.2
Kaisa,9.18
Kaisa,8.9
Kaisa,8.8
Kaisa,8.7
Kaisa,8.6
Kaisa,8.5
Kaisa,8.24
Kaisa,8.21
Kaisa,8.18
Kaisa,8.11
Kaisa,10.7
Kaisa,10.6
Kaisa,10.5
Kalista,9.4
Kalista,9.22
Kalista,9.17
Kalista,9.14
Kalista,9.1
Kalista,8.4
Kalista,8.3
Kalista,8.14
Kalista,8.13
Kalista,8.11
Kalista,7.9
Kalista,7.7
Kalista,7.22
Kalista,7.18
Kalista,7.1
Kalista,6.6
Kalista,6.18
Kalista,6.17
Kalista,6.1
Kalista,5.9
Kalista,5.4
Kalista,5.22
Kalista,5.20
Kalista,5.17
Kalista,5.14
Kalista,5.13
Kalista,5.1
Kalista,4.21
Kalista,4.20
Kalista,10.1
Karma,9.6
Karma,9.24b
Karma,9.24
Karma,9.19
Karma,9.16
Karma,9.15
Karma,9.14
Karma,9.13
Karma,9.12
Karma,8.8
Karma,8.3
Karma,8.24
Karma,8.21
Karma,8.2
Karma,8.14
Karma,8.12
Karma,7.9
Karma,7.7
Karma,7.23
Karma,7.22
Karma,7.20
Karma,7.18
Karma,7.15
Karma,7.12
Karma,7.1
Karma,6.7
Karma,6.6
Karma,6.24
Karma,6.2
Karma,6.15
Karma,5.5
Karma,5.22
Karma,5.17
Karma,5.10
Karma,4.5
Karma,4.17
Karma,3.8
Karma,3.7
Karma,3.6
Karma,3.5
Karma,10.2
Karthus,9.8
Karthus,9.4
Karthus,9.18
Karthus,9.13
Karthus,9.11
Karthus,9.1
Karthus,8.9
Karthus,8.7
Karthus,8.3
Karthus,8.21
Karthus,7.9
Karthus,7.8
Karthus,7.24
Karthus,7.22
Karthus,6.7
Karthus,6.4
Karthus,5.6
Karthus,5.5
Karthus,5.24
Karthus,4.9
Karthus,4.5
Karthus,4.4
Karthus,4.11
Karthus,4.10
Karthus,3.7
Karthus,3.12
Karthus,3.10
Kassadin,9.24
Kassadin,9.2
Kassadin,9.16
Kassadin,9.1
Kassadin,8.9
Kassadin,8.8
Kassadin,8.3
Kassadin,8.24b
Kassadin,8.2
Kassadin,8.17
Kassadin,8.15
Kassadin,8.13
Kassadin,7.9
Kassadin,7.8
Kassadin,7.7
Kassadin,7.22
Kassadin,7.10
Kassadin,6.15
Kassadin,6.1
Kassadin,5.7
Kassadin,5.5
Kassadin,5.4
Kassadin,5.3
Kassadin,5.22
Kassadin,5.21
Kassadin,5.16
Kassadin,4.9
Kassadin,4.7
Kassadin,4.6
Kassadin,4.5
Kassadin,4.4
Kassadin,4.3
Kassadin,4.14
Kassadin,4.12
Kassadin,3.9
Kassadin,3.13
Kassadin,3.11
Kassadin,3.03
Kassadin,10.6
Kassadin,10.1
Katarina,9.6
Katarina,9.4
Katarina,9.2
Katarina,9.16
Katarina,9.15
Katarina,9.14
Katarina,9.1
Katarina,8.9
Katarina,8.3
Katarina,8.2
Katarina,8.10
Katarina,7.7
Katarina,7.5
Katarina,7.4
Katarina,7.24b
Katarina,7.22
Katarina,7.2
Katarina,7.17
Katarina,6.4
Katarina,6.24
Katarina,6.23
Katarina,6.22
Katarina,6.17
Katarina,6.16
Katarina,6.1
Katarina,5.6
Katarina,5.4
Katarina,5.11
Katarina,4.5
Katarina,4.20
Katarina,4.15
Katarina,3.12
Katarina,3.01
Katarina,10.3
Katarina,10.2
Kayle,9.9
Kayle,9.8
Kayle,9.7
Kayle,9.6
Kayle,9.5
Kayle,9.22
Kayle,9.19
Kayle,9.18
Kayle,9.17
Kayle,9.1
Kayle,8.9
Kayle,8.3
Kayle,8.2
Kayle,8.1
Kayle,7.9
Kayle,7.22
Kayle,7.19
Kayle,6.7
Kayle,6.14
Kayle,5.16
Kayle,5.13
Kayle,4.5
Kayle,4.3
Kayle,4.2
Kayle,4.19
Kayle,4.15
Kayle,4.14
Kayle,4.13
Kayle,4.11
Kayle,3.12
Kayle,3.03
Kayn,9.9
Kayn,9.8
Kayn,9.21
Kayn,9.2
Kayn,9.15
Kayn,9.1
Kayn,8.7
Kayn,8.6
Kayn,8.17
Kayn,7.24b
Kayn,7.22
Kayn,7.16
Kayn,7.15
Kayn,7.14
Kayn,10.6
Kayn,10.5
Kayn,10.3
Kennen,9.9
Kennen,9.6
Kennen,9.4
Kennen,9.14
Kennen,9.13
Kennen,8.9
Kennen,8.3
Kennen,8.22
Kennen,8.14
Kennen,8.10
Kennen,7.9
Kennen,7.7
Kennen,7.4
Kennen,7.3
Kennen,7.22
Kennen,7.13
Kennen,7.1
Kennen,6.9
Kennen,6.8
Kennen,6.7
Kennen,6.17
Kennen,5.3
Kennen,5.13
Kennen,4.5
Kennen,4.21
Kennen,3.9
Kennen,3.14
Kennen,3.02
Kennen,3.01
Khazix,9.16
Khazix,9.15
Khazix,9.13
Khazix,9.1
Khazix,8.9
Khazix,8.6
Khazix,8.4
Khazix,8.3
Khazix,8.24
Khazix,8.2
Khazix,8.19
Khazix,8.11
Khazix,7.8
Khazix,7.4
Khazix,7.3
Khazix,7.22
Khazix,7.2
Khazix,7.18
Khazix,7.14
Khazix,7.13
Khazix,7.1
Khazix,6.6
Khazix,6.23
Khazix,6.22
Khazix,6.2
Khazix,6.17
Khazix,6.1
Khazix,5.8
Khazix,5.23
Khazix,5.21
Khazix,5.11
Khazix,4.9
Khazix,4.8
Khazix,4.7
Khazix,4.5
Khazix,4.3
Khazix,4.20
Khazix,4.2
Khazix,4.18
Khazix,4.12
Khazix,3.8
Khazix,3.13
Khazix,3.11
Kindred,9.9
Kindred,9.24b
Kindred,9.21
Kindred,9.18
Kindred,8.24
Kindred,8.15
Kindred,8.13
Kindred,8.12
Kindred,8.11
Kindred,8.10
Kindred,7.9
Kindred,7.5
Kindred,7.22
Kindred,7.15
Kindred,7.14
Kindred,7.13
Kindred,7.12
Kindred,7.11
Kindred,6.9
Kindred,6.7
Kindred,6.4
Kindred,6.24
Kindred,6.2
Kindred,6.13
Kindred,6.12
Kindred,6.11
Kindred,5.24
Kindred,5.22
Kindred,5.21
Kindred,5.20
Kindred,10.6
Kled,9.21
Kled,9.2
Kled,9.14
Kled,9.1
Kled,8.7
Kled,8.22
Kled,7.5
Kled,7.4
Kled,7.3
Kled,7.24b
Kled,7.22
Kled,7.10
Kled,6.24
Kled,6.22
Kled,6.20
Kled,6.19
Kled,6.18
Kled,6.17
Kled,6.16
KogMaw,9.8
KogMaw,9.21
KogMaw,9.1
KogMaw,8.4
KogMaw,8.3
KogMaw,8.24
KogMaw,8.19
KogMaw,8.14
KogMaw,8.11
KogMaw,8.1
KogMaw,7.9
KogMaw,7.23
KogMaw,7.22
KogMaw,7.14
KogMaw,6.8
KogMaw,6.7
KogMaw,6.5
KogMaw,6.4
KogMaw,6.3
KogMaw,6.24
KogMaw,6.21
KogMaw,6.20
KogMaw,6.19
KogMaw,5.24
KogMaw,5.22
KogMaw,4.5
KogMaw,4.4
KogMaw,4.18
KogMaw,4.14
KogMaw,4.13
KogMaw,3.8
KogMaw,10.1
Leblanc,9.9
Leblanc,9.6
Leblanc,9.3
Leblanc,9.16
Leblanc,9.15
Leblanc,9.14
Leblanc,9.1
Leblanc,8.8
Leblanc,8.3
Leblanc,8.24
Leblanc,8.23
Leblanc,8.22
Leblanc,8.20
Leblanc,8.2
Leblanc,8.14
Leblanc,8.11
Leblanc,8.10
Leblanc,7.9
Leblanc,7.6
Leblanc,7.5
Leblanc,7.3
Leblanc,7.22
Leblanc,7.2
Leblanc,7.16
Leblanc,7.1
Leblanc,6.7
Leblanc,6.24
Leblanc,6.23
Leblanc,6.22
Leblanc,6.15
Leblanc,6.1
Leblanc,5.6
Leblanc,5.22
Leblanc,5.16
Leblanc,5.11
Leblanc,4.5
Leblanc,4.4
Leblanc,4.19
Leblanc,4.17
Leblanc,4.13
Leblanc,4.10
Leblanc,3.9
Leblanc,10.6
LeeSin,9.18
LeeSin,9.17
LeeSin,9.16
LeeSin,9.15
LeeSin,9.14
LeeSin,8.6
LeeSin,8.3
LeeSin,8.2
LeeSin,8.19
LeeSin,8.17
LeeSin,8.15
LeeSin,8.14
LeeSin,8.13
LeeSin,8.12
LeeSin,8.11
LeeSin,7.24
LeeSin,7.22
LeeSin,7.19
LeeSin,7.18
LeeSin,7.14
LeeSin,7.11
LeeSin,7.10
LeeSin,7.1
LeeSin,6.8
LeeSin,6.7
LeeSin,6.21
LeeSin,6.19
LeeSin,6.18
LeeSin,6.17
LeeSin,6.14
LeeSin,5.16
LeeSin,4.5
LeeSin,4.20
LeeSin,4.18
LeeSin,4.15
LeeSin,4.13
LeeSin,3.15
LeeSin,10.6
LeeSin,10.4
LeeSin,10.3
Leona,9.7
Leona,9.17
Leona,9.14
Leona,8.9
Leona,8.8
Leona,8.7
Leona,8.3
Leona,8.16
Leona,8.14
Leona,7.7
Leona,7.24b
Leona,7.24
Leona,7.22
Leona,7.17
Leona,6.21
Leona,6.2
Leona,6.19
Leona,6.17
Leona,6.16
Leona,6.14
Leona,6.13
Leona,5.16
Leona,5.10
Leona,4.5
Leona,4.17
Leona,4.15
Leona,3.14
Leona,3.13
Leona,10.6
Leona,10.3
Lissandra,9.9
Lissandra,9.7
Lissandra,9.3
Lissandra,9.20
Lissandra,9.2
Lissandra,9.15
Lissandra,9.11
Lissandra,8.9
Lissandra,8.8
Lissandra,8.3
Lissandra,8.23
Lissandra,8.2
Lissandra,7.9
Lissandra,7.8
Lissandra,7.23
Lissandra,7.22
Lissandra,7.15
Lissandra,7.12
Lissandra,6.23
Lissandra,6.18
Lissandra,5.5
Lissandra,5.4
Lissandra,5.16
Lissandra,4.7
Lissandra,4.5
Lissandra,4.13
Lissandra,3.8
Lissandra,3.6
Lissandra,3.15
Lissandra,10.5
Lucian,9.8
Lucian,9.6
Lucian,9.5
Lucian,9.4
Lucian,9.22
Lucian,9.17
Lucian,9.15
Lucian,9.14
Lucian,9.13
Lucian,8.6
Lucian,8.3
Lucian,8.18
Lucian,8.13
Lucian,8.11
Lucian,8.10
Lucian,7.9
Lucian,7.8
Lucian,7.7
Lucian,7.5
Lucian,7.22
Lucian,7.2
Lucian,7.18
Lucian,7.14
Lucian,7.11
Lucian,7.10
Lucian,7.1
Lucian,6.7
Lucian,6.4
Lucian,6.22
Lucian,6.11
Lucian,5.23
Lucian,5.22
Lucian,5.16
Lucian,4.5
Lucian,4.21
Lucian,4.19
Lucian,4.18
Lucian,4.13
Lucian,4.12
Lucian,4.10
Lucian,3.15
Lucian,3.12
Lucian,10.6
Lucian,10.3
Lulu,9.8
Lulu,9.21
Lulu,9.20
Lulu,9.12
Lulu,8.8
Lulu,8.3
Lulu,8.22
Lulu,8.2
Lulu,8.12
Lulu,8.10
Lulu,8.1
Lulu,7.9
Lulu,7.7
Lulu,7.4
Lulu,7.3
Lulu,7.23
Lulu,7.22
Lulu,7.21
Lulu,7.2
Lulu,7.18
Lulu,7.17
Lulu,7.12
Lulu,7.10
Lulu,6.6
Lulu,6.22
Lulu,6.18
Lulu,6.16
Lulu,6.14
Lulu,6.13
Lulu,5.22
Lulu,5.18
Lulu,5.10
Lulu,4.5
Lulu,4.14
Lulu,4.13
Lulu,3.8
Lulu,3.6
Lulu,3.15
Lulu,3.14
Lulu,3.12
Lulu,3.11
Lulu,3.02
Lulu,3.01
Lulu,10.2
Lux,9.5
Lux,9.4
Lux,9.24
Lux,9.20
Lux,9.2
Lux,9.16
Lux,9.15
Lux,9.14
Lux,9.1
Lux,8.9
Lux,8.8
Lux,8.7
Lux,8.5
Lux,8.3
Lux,8.2
Lux,8.1
Lux,7.9
Lux,7.7
Lux,7.6
Lux,7.3
Lux,7.23
Lux,7.22
Lux,7.15
Lux,7.13
Lux,7.1
Lux,6.7
Lux,6.6
Lux,6.3
Lux,6.24
Lux,6.23
Lux,6.18
Lux,6.16
Lux,6.15
Lux,6.14
Lux,6.12
Lux,5.6
Lux,5.17
Lux,5.12
Lux,4.5
Lux,4.4
Lux,4.13
Lux,4.1
Lux,3.8
Lux,10.4
Lux,10.3
Lux,10.2
Malphite,9.23
Malphite,9.22
Malphite,9.17
Malphite,9.15
Malphite,9.14
Malphite,8.7
Malphite,7.22
Malphite,7.19
Malphite,7.15
Malphite,7.11
Malphite,7.1
Malphite,6.4
Malphite,6.2
Malphite,6.17
Malphite,5.23
Malphite,5.12
Malphite,5.11
Malphite,4.7
Malphite,4.5
Malphite,10.3
Malzahar,9.7
Malzahar,9.6
Malzahar,9.23
Malzahar,9.16
Malzahar,8.9
Malzahar,8.8
Malzahar,8.2
Malzahar,7.9
Malzahar,7.8
Malzahar,7.7
Malzahar,7.3
Malzahar,7.24
Malzahar,7.22
Malzahar,7.19
Malzahar,7.17
Malzahar,7.15
Malzahar,7.12
Malzahar,7.11
Malzahar,6.9
Malzahar,6.24
Malzahar,6.23
Malzahar,6.2
Malzahar,6.15
Malzahar,6.14
Malzahar,6.11
Malzahar,6.10
Malzahar,5.24
Malzahar,4.8
Malzahar,4.5
Malzahar,4.21
Malzahar,4.1
Malzahar,3.6
Malzahar,3.10
Maokai,9.9
Maokai,9.24b
Maokai,9.21
Maokai,8.8
Maokai,8.7
Maokai,8.22
Maokai,8.2
Maokai,8.17
Maokai,8.14
Maokai,8.1
Maokai,7.9
Maokai,7.4
Maokai,7.24
Maokai,7.22
Maokai,7.17
Maokai,7.16
Maokai,7.14
Maokai,7.13
Maokai,7.11
Maokai,7.10
Maokai,6.6
Maokai,6.11
Maokai,5.7
Maokai,5.22
Maokai,5.17
Maokai,4.6
Maokai,4.5
Maokai,4.20
Maokai,4.2
Maokai,4.17
Maokai,4.14
Maokai,4.11
Maokai,3.15
MasterYi,9.8
MasterYi,9.21
MasterYi,9.16
MasterYi,9.15
MasterYi,9.12
MasterYi,9.11
MasterYi,9.10
MasterYi,9.1
MasterYi,8.4
MasterYi,8.3
MasterYi,8.24
MasterYi,8.17
MasterYi,8.13
MasterYi,8.11
MasterYi,7.9
MasterYi,7.8
MasterYi,7.5
MasterYi,7.23
MasterYi,7.22
MasterYi,7.20
MasterYi,7.2
MasterYi,7.12
MasterYi,7.11
MasterYi,6.8
MasterYi,6.7
MasterYi,6.6
MasterYi,6.24
MasterYi,6.23
MasterYi,6.22
MasterYi,6.21
MasterYi,6.10
MasterYi,5.24
MasterYi,5.20
MasterYi,5.17
MasterYi,4.5
MasterYi,4.13
MasterYi,3.5
MasterYi,3.13
MasterYi,3.10
MasterYi,3.02
MasterYi,3.01
MasterYi,10.7
MasterYi,10.6
MasterYi,10.3
MissFortune,9.8
MissFortune,9.6
MissFortune,9.4
MissFortune,9.18
MissFortune,9.15
MissFortune,9.1
MissFortune,8.9
MissFortune,8.8
MissFortune,8.7
MissFortune,8.6
MissFortune,8.3
MissFortune,8.2
MissFortune,8.13
MissFortune,8.11
MissFortune,7.9
MissFortune,7.7
MissFortune,7.6
MissFortune,7.5
MissFortune,7.24b
MissFortune,7.22
MissFortune,7.21
MissFortune,7.20
MissFortune,6.8
MissFortune,6.7
MissFortune,6.18
MissFortune,6.16
MissFortune,6.15
MissFortune,6.13
MissFortune,6.1
MissFortune,5.24
MissFortune,5.23
MissFortune,5.22
MissFortune,5.19
MissFortune,5.17
MissFortune,5.14
MissFortune,4.6
MissFortune,4.5
MissFortune,4.17
MissFortune,4.13
MissFortune,3.8
MissFortune,3.7
MissFortune,3.01
MissFortune,10.7
MissFortune,10.6
MissFortune,10.5
MissFortune,10.3
MissFortune,10.2
MonkeyKing,9.7
MonkeyKing,9.6
MonkeyKing,9.4
MonkeyKing,9.20
MonkeyKing,9.14
MonkeyKing,9.11
MonkeyKing,8.7
MonkeyKing,8.6
MonkeyKing,8.3
MonkeyKing,8.20
MonkeyKing,8.2
MonkeyKing,8.17
MonkeyKing,8.16
MonkeyKing,8.14
MonkeyKing,7.22
MonkeyKing,7.1
MonkeyKing,6.7
MonkeyKing,6.22
MonkeyKing,5.22
MonkeyKing,5.20
MonkeyKing,4.5
MonkeyKing,4.21
MonkeyKing,4.19
MonkeyKing,4.18
MonkeyKing,3.12
MonkeyKing,3.11
MonkeyKing,10.7
MonkeyKing,10.6
MonkeyKing,10.4
Mordekaiser,9.6
Mordekaiser,9.2
Mordekaiser,9.19
Mordekaiser,9.17
Mordekaiser,9.15
Mordekaiser,9.14
Mordekaiser,9.13
Mordekaiser,9.12
Mordekaiser,9.1
Mordekaiser,8.23
Mordekaiser,8.20
Mordekaiser,8.2
Mordekaiser,8.14
Mordekaiser,7.22
Mordekaiser,7.20
Mordekaiser,7.16
Mordekaiser,6.7
Mordekaiser,6.5
Mordekaiser,6.16
Mordekaiser,6.15
Mordekaiser,6.13
Mordekaiser,6.1
Mordekaiser,5.8
Mordekaiser,5.4
Mordekaiser,5.23
Mordekaiser,5.21
Mordekaiser,5.18
Mordekaiser,5.17
Mordekaiser,5.16
Mordekaiser,4.9
Mordekaiser,4.5
Mordekaiser,3.7
Mordekaiser,10.6
Mordekaiser,10.5
Mordekaiser,10.4
Mordekaiser,10.3
Mordekaiser,10.1
Morgana,9.9
Morgana,9.7
Morgana,9.6
Morgana,9.5
Morgana,9.14
Morgana,9.13
Morgana,8.9
Morgana,8.3
Morgana,8.15
Morgana,7.9
Morgana,7.24
Morgana,7.22
Morgana,6.8
Morgana,6.7
Morgana,6.17
Morgana,5.9
Morgana,5.22
Morgana,5.18
Morgana,4.5
Morgana,4.14
Morgana,3.14
Morgana,3.13
Morgana,3.02
Morgana,10.6
Morgana,10.1
Nami,9.2
Nami,8.8
Nami,8.7
Nami,8.3
Nami,8.20
Nami,8.2
Nami,8.17
Nami,8.1
Nami,7.9
Nami,7.4
Nami,7.3
Nami,7.22
Nami,7.21
Nami,7.2
Nami,7.19
Nami,7.15
Nami,7.14
Nami,7.1
Nami,6.16
Nami,6.15
Nami,5.22
Nami,5.16
Nami,4.9
Nami,4.5
Nami,4.13
Nami,4.1
Nami,3.7
Nami,3.14
Nami,3.10
Nami,3.04
Nami,3.02
Nami,10.1
Nasus,9.6
Nasus,9.1
Nasus,8.7
Nasus,8.6
Nasus,8.3
Nasus,8.14
Nasus,7.4
Nasus,7.22
Nasus,7.15
Nasus,6.21
Nasus,6.17
Nasus,6.12
Nasus,5.9
Nasus,5.22
Nasus,5.16
Nasus,4.5
Nasus,4.13
Nasus,4.1
Nasus,3.6
Nasus,3.14
Nasus,3.13
Nasus,3.02
Nasus,3.01
Nasus,10.7
Nautilus,9.8
Nautilus,9.7
Nautilus,9.6
Nautilus,9.22
Nautilus,9.16
Nautilus,9.12
Nautilus,8.8
Nautilus,8.3
Nautilus,8.20
Nautilus,8.16
Nautilus,7.8
Nautilus,7.7
Nautilus,7.23
Nautilus,7.22
Nautilus,7.18
Nautilus,7.16
Nautilus,7.15
Nautilus,6.5
Nautilus,6.16
Nautilus,5.5
Nautilus,5.22
Nautilus,5.16
Nautilus,5.13
Nautilus,5.1
Nautilus,4.5
Nautilus,4.4
Nautilus,4.17
Nautilus,4.12
Nautilus,4.11
Nautilus,3.9
Nautilus,3.8
Nautilus,3.14
Nautilus,10.3
Nautilus,10.2
Neeko,9.9
Neeko,9.7
Neeko,9.6
Neeko,9.5
Neeko,9.4
Neeko,9.21
Neeko,9.20
Neeko,9.2
Neeko,9.17
Neeko,9.14
Neeko,9.10
Neeko,9.1
Neeko,8.24b
Neeko,8.24
Neeko,10.5
Nidalee,9.22
Nidalee,9.2
Nidalee,9.14
Nidalee,9.12
Nidalee,8.3
Nidalee,8.1
Nidalee,7.9
Nidalee,7.7
Nidalee,7.4
Nidalee,7.23
Nidalee,7.22
Nidalee,7.2
Nidalee,7.18
Nidalee,7.17
Nidalee,7.11
Nidalee,7.1
Nidalee,6.9
Nidalee,6.7
Nidalee,6.6
Nidalee,6.4
Nidalee,6.24
Nidalee,6.21
Nidalee,6.15
Nidalee,6.13
Nidalee,6.11
Nidalee,5.7
Nidalee,5.5
Nidalee,5.3
Nidalee,5.24
Nidalee,5.2
Nidalee,5.15
Nidalee,4.5
Nidalee,4.17
Nidalee,4.13
Nidalee,4.11
Nidalee,4.10
Nidalee,4.1
Nidalee,3.14
Nidalee,3.12
Nidalee,3.11
Nidalee,3.03
Nocturne,9.16
Nocturne,9.1
Nocturne,8.7
Nocturne,8.6
Nocturne,8.5
Nocturne,8.3
Nocturne,8.2
Nocturne,8.15
Nocturne,8.13
Nocturne,8.11
Nocturne,7.6
Nocturne,7.5
Nocturne,7.22
Nocturne,7.19
Nocturne,6.7
Nocturne,6.21
Nocturne,6.18
Nocturne,6.10
Nocturne,5.9
Nocturne,5.6
Nocturne,5.17
Nocturne,4.5
Nocturne,4.3
Nocturne,4.21
Nocturne,4.18
Nocturne,4.15
Nocturne,4.13
Nocturne,3.14
Nocturne,3.13
Nocturne,3.02
Nocturne,10.7
Nunu,9.5
Nunu,9.4
Nunu,9.20
Nunu,9.18
Nunu,9.10
Nunu,8.22
Nunu,8.21
Nunu,8.2
Nunu,8.19
Nunu,8.18
Nunu,8.17
Nunu,8.13
Nunu,8.1
Nunu,7.8
Nunu,7.7
Nunu,7.24
Nunu,7.22
Nunu,7.14
Nunu,7.13
Nunu,6.7
Nunu,6.21
Nunu,6.20
Nunu,6.2
Nunu,5.8
Nunu,5.23
Nunu,4.5
Nunu,4.20
Nunu,4.18
Nunu,3.9
Nunu,3.7
Nunu,3.6
Nunu,3.14
Nunu,3.01
Olaf,9.4
Olaf,9.1
Olaf,8.7
Olaf,8.5
Olaf,8.3
Olaf,8.2
Olaf,8.15
Olaf,7.22
Olaf,7.16
Olaf,7.15
Olaf,7.14
Olaf,7.10
Olaf,6.9
Olaf,6.8
Olaf,6.22
Olaf,5.9
Olaf,5.22
Olaf,5.17
Olaf,4.9
Olaf,4.5
Olaf,4.18
Olaf,4.13
Olaf,4.1
Olaf,3.6
Olaf,3.14
Olaf,3.13
Olaf,3.12
Olaf,3.01
Olaf,10.6
Orianna,9.8
Orianna,9.19
Orianna,9.16
Orianna,8.9
Orianna,8.3
Orianna,8.16
Orianna,8.13
Orianna,8.12
Orianna,7.9
Orianna,7.6
Orianna,7.5
Orianna,7.23
Orianna,7.22
Orianna,7.19
Orianna,7.18
Orianna,7.16
Orianna,7.15
Orianna,7.14
Orianna,6.6
Orianna,6.23
Orianna,6.17
Orianna,6.16
Orianna,6.1
Orianna,5.11
Orianna,4.5
Orianna,4.17
Orianna,4.16
Orianna,4.14
Orianna,3.9
Ornn,9.6
Ornn,9.23
Ornn,9.22
Ornn,9.2
Ornn,9.19
Ornn,9.13
Ornn,9.1
Ornn,8.4
Ornn,8.2
Ornn,8.14
Ornn,8.13
Ornn,8.1
Ornn,7.24
Ornn,7.22
Ornn,7.20
Ornn,7.19
Ornn,7.18
Ornn,7.17
Ornn,10.5
Ornn,10.3
Pantheon,9.22
Pantheon,9.20
Pantheon,9.19
Pantheon,9.18
Pantheon,9.17
Pantheon,9.16
Pantheon,9.1
Pantheon,8.9
Pantheon,8.7
Pantheon,8.3
Pantheon,8.2
Pantheon,8.14
Pantheon,7.22
Pantheon,7.15
Pantheon,7.14
Pantheon,6.5
Pantheon,6.20
Pantheon,6.2
Pantheon,5.8
Pantheon,5.22
Pantheon,5.17
Pantheon,4.9
Pantheon,4.5
Pantheon,4.21
Pantheon,4.2
Pantheon,4.19
Pantheon,4.15
Pantheon,4.13
Pantheon,4.10
Pantheon,3.15
Pantheon,10.2
Poppy,9.8
Poppy,9.23
Poppy,9.16
Poppy,9.15
Poppy,9.14
Poppy,8.9
Poppy,8.8
Poppy,8.4
Poppy,8.2
Poppy,8.14
Poppy,8.12
Poppy,8.10
Poppy,7.22
Poppy,7.17
Poppy,7.14
Poppy,7.13
Poppy,7.1
Poppy,6.7
Poppy,6.4
Poppy,6.3
Poppy,6.21
Poppy,6.2
Poppy,6.17
Poppy,6.14
Poppy,6.1
Poppy,5.24
Poppy,4.5
Poppy,4.16
Poppy,4.13
Poppy,3.8
Poppy,3.10
Poppy,10.5
Poppy,10.4
Pyke,9.7
Pyke,9.21
Pyke,9.14
Pyke,9.13
Pyke,8.24b
Pyke,8.22
Pyke,8.19
Pyke,8.13
Pyke,8.11
Pyke,10.4
Pyke,10.2
Qiyana,9.24b
Qiyana,9.23
Qiyana,9.21
Qiyana,9.20
Qiyana,9.17
Qiyana,9.15
Qiyana,9.14
Qiyana,9.13
Qiyana,10.6
Qiyana,10.4
Qiyana,10.2
Quinn,9.4
Quinn,8.7
Quinn,8.6
Quinn,8.3
Quinn,8.2
Quinn,8.16
Quinn,8.15
Quinn,7.9
Quinn,7.7
Quinn,7.6
Quinn,7.3
Quinn,7.22
Quinn,7.2
Quinn,7.18
Quinn,7.15
Quinn,7.13
Quinn,6.6
Quinn,6.5
Quinn,5.6
Quinn,5.24
Quinn,5.23
Quinn,5.22
Quinn,4.5
Quinn,4.14
Quinn,4.12
Quinn,3.7
Quinn,3.6
Quinn,3.03
Rakan,9.9
Rakan,9.5
Rakan,9.2
Rakan,9.19
Rakan,9.10
Rakan,8.7
Rakan,8.6
Rakan,8.4
Rakan,8.3
Rakan,8.16
Rakan,8.15
Rakan,8.14
Rakan,8.11
Rakan,7.9
Rakan,7.8
Rakan,7.22
Rakan,7.18
Rakan,7.13
Rakan,7.12
Rakan,7.11
Rakan,7.10
Rakan,10.6
Rakan,10.5
Rammus,9.7
Rammus,9.6
Rammus,9.24
Rammus,9.14
Rammus,9.13
Rammus,9.11
Rammus,9.1
Rammus,8.9
Rammus,8.3
Rammus,8.24
Rammus,8.16
Rammus,7.24b
Rammus,7.24
Rammus,7.23
Rammus,7.22
Rammus,7.21
Rammus,7.14
Rammus,7.13
Rammus,7.10
Rammus,6.8
Rammus,6.7
Rammus,6.15
Rammus,5.6
Rammus,5.24
Rammus,5.16
Rammus,4.5
Rammus,4.20
Rammus,4.17
Rammus,4.16
Rammus,4.13
Rammus,3.7
Rammus,3.15
Rammus,3.13
Rammus,10.5
Rammus,10.4
RekSai,9.9
RekSai,9.6
RekSai,9.4
RekSai,9.22
RekSai,9.2
RekSai,9.19
RekSai,9.17
RekSai,8.9
RekSai,8.8
RekSai,8.3
RekSai,8.24
RekSai,8.14
RekSai,7.22
RekSai,7.17
RekSai,7.14
RekSai,7.13
RekSai,7.12
RekSai,7.11
RekSai,6.3
RekSai,6.18
RekSai,6.17
RekSai,6.14
RekSai,5.7
RekSai,5.5
RekSai,5.2
RekSai,5.17
RekSai,5.13
RekSai,5.10
RekSai,5.1
RekSai,4.21
RekSai,10.6
Renekton,9.9
Renekton,9.8
Renekton,9.6
Renekton,9.14
Renekton,9.1
Renekton,8.8
Renekton,8.4
Renekton,8.3
Renekton,8.24
Renekton,8.18
Renekton,7.9
Renekton,7.24b
Renekton,7.24
Renekton,7.22
Renekton,7.11
Renekton,7.10
Renekton,6.8
Renekton,6.5
Renekton,6.15
Renekton,5.9
Renekton,5.22
Renekton,5.1
Renekton,4.5
Renekton,4.4
Renekton,4.16
Renekton,3.03
Renekton,3.02
Renekton,10.6
Renekton,10.5
Rengar,9.5
Rengar,9.4
Rengar,9.1
Rengar,8.7
Rengar,8.6
Rengar,8.5
Rengar,8.4
Rengar,8.23
Rengar,8.2
Rengar,8.17
Rengar,7.7
Rengar,7.5
Rengar,7.3
Rengar,7.23
Rengar,7.22
Rengar,7.21
Rengar,7.2
Rengar,7.18
Rengar,7.13
Rengar,6.9
Rengar,6.7
Rengar,6.3
Rengar,6.24
Rengar,6.23
Rengar,6.22
Rengar,6.2
Rengar,5.4
Rengar,4.9
Rengar,4.6
Rengar,4.5
Rengar,4.21
Rengar,4.19
Rengar,4.15
Rengar,4.14
Rengar,4.12
Rengar,4.11
Rengar,4.1
Rengar,3.13
Rengar,10.6
Rengar,10.4
Rengar,10.3
Riven,9.4
Riven,9.19
Riven,9.16
Riven,9.10
Riven,9.1
Riven,8.9
Riven,8.3
Riven,8.13
Riven,7.24
Riven,7.22
Riven,7.20
Riven,7.2
Riven,7.19
Riven,7.16
Riven,7.15
Riven,7.13
Riven,7.11
Riven,7.10
Riven,6.8
Riven,6.21
Riven,6.20
Riven,6.18
Riven,6.17
Riven,6.1
Riven,5.9
Riven,5.24
Riven,5.22
Riven,5.21
Riven,5.18
Riven,4.5
Riven,4.2
Riven,4.1
Riven,3.9
Riven,3.8
Riven,3.5
Riven,3.15
Riven,3.02
Riven,10.7
Riven,10.6
Rumble,9.7
Rumble,9.6
Rumble,9.15
Rumble,8.7
Rumble,8.3
Rumble,8.12
Rumble,7.7
Rumble,7.22
Rumble,7.19
Rumble,7.18
Rumble,7.12
Rumble,6.8
Rumble,6.5
Rumble,6.4
Rumble,6.11
Rumble,6.1
Rumble,5.16
Rumble,5.14
Rumble,5.1
Rumble,4.9
Rumble,4.6
Rumble,4.5
Rumble,4.2
Rumble,4.19
Rumble,4.15
Rumble,3.7
Rumble,3.6
Rumble,3.5
Rumble,10.6
Rumble,10.3
Ryze,9.8
Ryze,9.4
Ryze,9.24
Ryze,9.17
Ryze,9.14
Ryze,9.12
Ryze,8.8
Ryze,8.7
Ryze,8.5
Ryze,8.4
Ryze,8.3
Ryze,8.2
Ryze,8.18
Ryze,8.11
Ryze,7.9
Ryze,7.8
Ryze,7.5
Ryze,7.4
Ryze,7.23
Ryze,7.22
Ryze,7.18
Ryze,7.13
Ryze,7.10
Ryze,7.1
Ryze,6.8
Ryze,6.4
Ryze,6.3
Ryze,6.18
Ryze,6.17
Ryze,6.14
Ryze,6.11
Ryze,5.9
Ryze,5.8
Ryze,5.6
Ryze,5.22
Ryze,5.14
Ryze,5.12
Ryze,5.11
Ryze,5.10
Ryze,4.5
Ryze,4.3
Ryze,4.19
Ryze,3.12
Ryze,3.10
Ryze,10.6
Sejuani,9.8
Sejuani,9.22
Sejuani,9.19
Sejuani,9.16
Sejuani,9.13
Sejuani,9.1
Sejuani,8.7
Sejuani,8.3
Sejuani,8.2
Sejuani,8.18
Sejuani,8.14
Sejuani,8.12
Sejuani,7.9
Sejuani,7.23
Sejuani,7.22
Sejuani,7.21
Sejuani,7.16
Sejuani,7.14
Sejuani,7.10
Sejuani,6.5
Sejuani,5.6
Sejuani,5.11
Sejuani,5.10
Sejuani,4.8
Sejuani,4.5
Sejuani,4.3
Sejuani,4.21
Sejuani,3.8
Sejuani,3.6
Sejuani,10.3
Sejuani,10.1
Senna,9.24
Senna,9.23
Senna,9.22
Senna,10.6
Senna,10.3
Sett,10.6
Sett,10.5
Sett,10.4
Sett,10.3
Sett,10.2
Sett,10.1
Shaco,9.9
Shaco,9.6
Shaco,9.24b
Shaco,9.24
Shaco,9.21
Shaco,9.20
Shaco,9.18
Shaco,9.14
Shaco,9.11
Shaco,9.10
Shaco,8.7
Shaco,8.6
Shaco,8.3
Shaco,8.24
Shaco,8.22
Shaco,8.20
Shaco,8.2
Shaco,8.14
Shaco,7.9
Shaco,7.7
Shaco,7.4
Shaco,7.23
Shaco,7.22
Shaco,7.2
Shaco,7.13
Shaco,7.12
Shaco,7.11
Shaco,7.1
Shaco,6.8
Shaco,6.3
Shaco,6.24
Shaco,6.23
Shaco,6.22
Shaco,6.13
Shaco,6.12
Shaco,5.22
Shaco,4.5
Shaco,4.3
Shaco,4.19
Shaco,3.13
Shaco,3.01
Shaco,10.7
Shaco,10.6
Shen,9.9
Shen,9.6
Shen,9.4
Shen,9.16
Shen,8.14
Shen,7.9
Shen,7.8
Shen,7.24
Shen,7.22
Shen,6.5
Shen,6.4
Shen,6.23
Shen,6.2
Shen,6.18
Shen,6.15
Shen,5.8
Shen,5.7
Shen,5.19
Shen,5.17
Shen,5.11
Shen,4.21
Shen,4.19
Shen,4.16
Shen,4.13
Shen,3.6
Shen,3.14
Shen,3.13
Shen,3.12
Shen,3.01
Shen,10.6
Shyvana,9.6
Shyvana,9.23
Shyvana,9.22
Shyvana,9.2
Shyvana,9.19
Shyvana,9.1
Shyvana,8.9
Shyvana,8.5
Shyvana,8.4
Shyvana,8.3
Shyvana,7.5
Shyvana,7.23
Shyvana,7.22
Shyvana,7.15
Shyvana,7.1
Shyvana,6.8
Shyvana,6.6
Shyvana,6.24
Shyvana,6.23
Shyvana,6.20
Shyvana,6.16
Shyvana,6.15
Shyvana,6.14
Shyvana,6.10
Shyvana,5.5
Shyvana,5.23
Shyvana,5.13
Shyvana,5.11
Shyvana,4.5
Shyvana,4.21
Shyvana,4.15
Shyvana,4.13
Shyvana,4.11
Shyvana,4.1
Shyvana,3.9
Shyvana,3.15
Shyvana,10.3
Shyvana,10.1
Singed,9.8
Singed,9.16
Singed,9.14
Singed,9.10
Singed,9.1
Singed,8.7
Singed,8.3
Singed,8.24b
Singed,8.2
Singed,8.13
Singed,7.9
Singed,7.22
Singed,7.19
Singed,7.16
Singed,7.15
Singed,7.14
Singed,6.19
Singed,5.6
Singed,5.5
Singed,5.13
Singed,4.5
Singed,4.19
Singed,4.13
Singed,3.9
Singed,3.8
Singed,3.14
Singed,3.11
Singed,3.04
Singed,10.4
Sion,9.3
Sion,9.22
Sion,9.21
Sion,9.19
Sion,9.16
Sion,8.9
Sion,8.8
Sion,8.7
Sion,8.5
Sion,8.3
Sion,8.20
Sion,8.16
Sion,8.14
Sion,8.10
Sion,7.5
Sion,7.24
Sion,7.22
Sion,7.16
Sion,7.14
Sion,7.11
Sion,7.1
Sion,6.8
Sion,6.17
Sion,6.12
Sion,5.8
Sion,5.6
Sion,5.5
Sion,5.23
Sion,5.22
Sion,5.10
Sion,5.1
Sion,4.5
Sion,4.20
Sion,4.19
Sion,4.18
Sion,3.01
Sion,10.5
Sivir,9.4
Sivir,9.24
Sivir,9.17
Sivir,9.16
Sivir,9.13
Sivir,9.1
Sivir,8.7
Sivir,8.3
Sivir,8.14
Sivir,8.11
Sivir,7.9
Sivir,7.5
Sivir,7.22
Sivir,7.19
Sivir,7.18
Sivir,7.17
Sivir,7.15
Sivir,6.9
Sivir,6.8
Sivir,6.4
Sivir,6.17
Sivir,5.24
Sivir,5.22
Sivir,5.15
Sivir,5.11
Sivir,4.5
Sivir,4.4
Sivir,4.16
Sivir,4.15
Sivir,4.13
Sivir,4.10
Sivir,3.6
Sivir,3.15
Sivir,3.14
Sivir,3.13
Sivir,3.02
Sivir,10.5
Skarner,9.7
Skarner,9.5
Skarner,8.5
Skarner,8.4
Skarner,8.3
Skarner,8.2
Skarner,8.1
Skarner,7.22
Skarner,7.21
Skarner,7.2
Skarner,5.5
Skarner,5.24
Skarner,5.18
Skarner,5.17
Skarner,5.16
Skarner,5.13
Skarner,5.1
Skarner,4.5
Skarner,4.4
Skarner,4.3
Skarner,4.2
Skarner,4.16
Skarner,4.11
Skarner,4.10
Sona,9.21
Sona,9.20
Sona,9.13
Sona,8.9
Sona,8.7
Sona,8.3
Sona,8.2
Sona,7.9
Sona,7.5
Sona,7.3
Sona,7.24
Sona,7.23
Sona,7.22
Sona,7.2
Sona,7.16
Sona,7.12
Sona,6.8
Sona,6.16
Sona,6.15
Sona,6.14
Sona,5.5
Sona,5.22
Sona,5.1
Sona,4.9
Sona,4.5
Sona,4.21
Sona,4.20
Sona,4.2
Sona,4.17
Sona,4.13
Sona,3.8
Sona,3.14
Sona,3.02
Sona,10.6
Sona,10.5
Sona,10.4
Sona,10.3
Sona,10.2
Soraka,9.9
Soraka,9.17
Soraka,9.15
Soraka,9.10
Soraka,9.1
Soraka,8.8
Soraka,8.22
Soraka,7.9
Soraka,7.22
Soraka,7.18
Soraka,6.9
Soraka,6.8
Soraka,6.7
Soraka,6.5
Soraka,6.19
Soraka,6.16
Soraka,5.5
Soraka,5.24
Soraka,5.22
Soraka,4.9
Soraka,4.8
Soraka,4.5
Soraka,4.21
Soraka,4.20
Soraka,4.2
Soraka,4.17
Soraka,3.15
Soraka,3.14
Soraka,3.13
Soraka,10.6
Soraka,10.4
Swain,9.15
Swain,9.14
Swain,8.9
Swain,8.8
Swain,8.7
Swain,8.6
Swain,8.5
Swain,8.4
Swain,8.3
Swain,8.24
Swain,8.2
Swain,8.14
Swain,8.10
Swain,7.9
Swain,7.7
Swain,7.22
Swain,7.14
Swain,6.9
Swain,6.8
Swain,6.23
Swain,6.13
Swain,6.11
Swain,6.10
Swain,5.24
Swain,5.22
Swain,4.5
Swain,3.13
Swain,10.6
Swain,10.3
Sylas,9.9
Sylas,9.7
Sylas,9.6
Sylas,9.5
Sylas,9.4
Sylas,9.24b
Sylas,9.22
Sylas,9.21
Sylas,9.2
Sylas,9.19
Sylas,9.17
Sylas,9.16
Sylas,9.14
Sylas,9.13
Sylas,9.12
Sylas,10.7
Sylas,10.4
Sylas,10.2
Sylas,10.1
Syndra,9.22
Syndra,9.16
Syndra,9.15
Syndra,9.13
Syndra,8.9
Syndra,8.6
Syndra,8.3
Syndra,8.2
Syndra,8.15
Syndra,8.1
Syndra,7.9
Syndra,7.7
Syndra,7.24
Syndra,7.22
Syndra,7.2
Syndra,7.19
Syndra,7.18
Syndra,7.16
Syndra,7.14
Syndra,7.12
Syndra,7.11
Syndra,7.1
Syndra,6.9
Syndra,6.7
Syndra,6.23
Syndra,6.17
Syndra,6.16
Syndra,6.13
Syndra,6.12
Syndra,5.4
Syndra,5.22
Syndra,5.2
Syndra,5.18
Syndra,5.14
Syndra,5.13
Syndra,5.1
Syndra,4.5
Syndra,4.4
Syndra,4.14
Syndra,3.7
Syndra,3.14
Syndra,3.13
Syndra,10.6
Syndra,10.5
TahmKench,9.9
TahmKench,9.2
TahmKench,9.19
TahmKench,9.18
TahmKench,9.17
TahmKench,9.16
TahmKench,9.14
TahmKench,9.12
TahmKench,9.10
TahmKench,8.8
TahmKench,8.7
TahmKench,8.3
TahmKench,8.24
TahmKench,8.19
TahmKench,8.16
TahmKench,7.7
TahmKench,7.22
TahmKench,7.20
TahmKench,7.16
TahmKench,7.15
TahmKench,7.12
TahmKench,6.5
TahmKench,6.4
TahmKench,6.2
TahmKench,6.17
TahmKench,6.13
TahmKench,5.24
TahmKench,5.23
TahmKench,5.22
TahmKench,5.18
TahmKench,5.17
TahmKench,5.16
TahmKench,5.14
TahmKench,5.13
TahmKench,10.5
TahmKench,10.4
Taliyah,9.9
Taliyah,9.7
Taliyah,9.18
Taliyah,9.15
Taliyah,9.13
Taliyah,8.9
Taliyah,8.8
Taliyah,8.23
Taliyah,8.20
Taliyah,8.16
Taliyah,8.15
Taliyah,8.13
Taliyah,8.12
Taliyah,8.11
Taliyah,7.9
Taliyah,7.23
Taliyah,7.22
Taliyah,7.20
Taliyah,7.16
Taliyah,7.14
Taliyah,7.13
Taliyah,6.24
Taliyah,6.20
Taliyah,6.18
Taliyah,6.15
Taliyah,6.14
Taliyah,6.13
Taliyah,6.11
Taliyah,6.10
Talon,8.9
Talon,8.6
Talon,8.4
Talon,8.3
Talon,8.2
Talon,8.14
Talon,8.10
Talon,7.7
Talon,7.3
Talon,7.22
Talon,7.18
Talon,7.14
Talon,7.1
Talon,6.8
Talon,6.5
Talon,6.22
Talon,5.22
Talon,4.5
Talon,4.4
Talon,4.20
Talon,4.19
Talon,4.18
Talon,4.17
Talon,4.1
Talon,10.7
Talon,10.6
Talon,10.4
Taric,9.22
Taric,9.2
Taric,8.17
Taric,8.13
Taric,7.24
Taric,7.22
Taric,7.14
Taric,6.9
Taric,6.8
Taric,6.15
Taric,5.22
Taric,5.16
Taric,5.10
Taric,4.5
Taric,3.15
Taric,3.14
Taric,3.04
Taric,3.03
Taric,10.6
Teemo,9.8
Teemo,9.24
Teemo,9.18
Teemo,8.9
Teemo,8.7
Teemo,8.6
Teemo,8.3
Teemo,8.24
Teemo,8.2
Teemo,8.10
Teemo,7.9
Teemo,7.7
Teemo,7.4
Teemo,7.24b
Teemo,7.22
Teemo,7.2
Teemo,7.16
Teemo,7.11
Teemo,6.9
Teemo,6.8
Teemo,6.24
Teemo,6.22
Teemo,6.19
Teemo,6.18
Teemo,6.12
Teemo,6.1
Teemo,5.20
Teemo,5.16
Teemo,5.15
Teemo,4.5
Teemo,4.3
Teemo,4.2
Teemo,3.13
Teemo,3.12
Teemo,3.11
Teemo,10.6
Teemo,10.4
Teemo,10.3
Thresh,9.4
Thresh,9.24
Thresh,9.23
Thresh,9.22
Thresh,9.17
Thresh,9.12
Thresh,8.9
Thresh,8.3
Thresh,8.24
Thresh,8.23
Thresh,8.19
Thresh,8.15
Thresh,7.9
Thresh,7.4
Thresh,7.23
Thresh,7.22
Thresh,7.21
Thresh,7.17
Thresh,7.15
Thresh,6.22
Thresh,6.21
Thresh,6.2
Thresh,6.17
Thresh,6.16
Thresh,6.13
Thresh,6.12
Thresh,6.1
Thresh,5.16
Thresh,5.15
Thresh,5.13
Thresh,4.7
Thresh,4.5
Thresh,4.4
Thresh,4.2
Thresh,4.14
Thresh,4.13
Thresh,4.11
Thresh,4.10
Thresh,4.1
Thresh,3.8
Thresh,3.6
Thresh,3.13
Thresh,3.12
Thresh,3.10
Thresh,10.6
Thresh,10.2
Thresh,10.1
Tristana,9.13
Tristana,9.1
Tristana,8.5
Tristana,8.4
Tristana,8.3
Tristana,8.24b
Tristana,8.24
Tristana,8.20
Tristana,8.2
Tristana,8.13
Tristana,8.11
Tristana,7.9
Tristana,7.3
Tristana,7.22
Tristana,7.19
Tristana,7.18
Tristana,7.16
Tristana,6.16
Tristana,6.10
Tristana,5.9
Tristana,5.7
Tristana,5.5
Tristana,5.4
Tristana,5.22
Tristana,5.2
Tristana,5.18
Tristana,4.5
Tristana,4.4
Tristana,4.19
Tristana,4.18
Tristana,4.17
Tristana,4.13
Tristana,4.10
Tristana,3.03
Tristana,3.01
Tristana,10.7
Trundle,9.8
Trundle,9.6
Trundle,9.4
Trundle,8.22
Trundle,8.2
Trundle,8.18
Trundle,8.16
Trundle,7.22
Trundle,7.2
Trundle,7.14
Trundle,7.13
Trundle,6.9
Trundle,6.18
Trundle,6.17
Trundle,6.13
Trundle,6.11
Trundle,6.1
Trundle,5.9
Trundle,5.5
Trundle,5.23
Trundle,5.12
Trundle,4.5
Trundle,3.8
Trundle,3.6
Trundle,3.5
Trundle,10.4
Trundle,10.2
Tryndamere,9.5
Tryndamere,9.4
Tryndamere,9.13
Tryndamere,9.12
Tryndamere,9.10
Tryndamere,9.1
Tryndamere,8.3
Tryndamere,8.16
Tryndamere,8.13
Tryndamere,7.22
Tryndamere,6.8
Tryndamere,6.20
Tryndamere,6.10
Tryndamere,5.12
Tryndamere,4.5
Tryndamere,4.20
Tryndamere,4.10
Tryndamere,3.13
Tryndamere,3.12
Tryndamere,3.03
Tryndamere,3.01
TwistedFate,9.4
TwistedFate,9.22
TwistedFate,9.19
TwistedFate,9.1
TwistedFate,8.9
TwistedFate,8.8
TwistedFate,8.3
TwistedFate,8.22
TwistedFate,8.14
TwistedFate,7.9
TwistedFate,7.6
TwistedFate,7.22
TwistedFate,7.20
TwistedFate,7.17
TwistedFate,7.15
TwistedFate,6.8
TwistedFate,6.7
TwistedFate,6.16
TwistedFate,5.6
TwistedFate,5.3
TwistedFate,5.24
TwistedFate,4.5
TwistedFate,4.4
TwistedFate,4.3
TwistedFate,4.15
TwistedFate,4.1
TwistedFate,3.7
TwistedFate,3.10
TwistedFate,3.02
TwistedFate,10.6
Twitch,9.4
Twitch,9.16
Twitch,9.1
Twitch,8.5
Twitch,8.4
Twitch,8.3
Twitch,8.2
Twitch,8.14
Twitch,8.13
Twitch,8.11
Twitch,7.9
Twitch,7.3
Twitch,7.22
Twitch,7.20
Twitch,7.19
Twitch,7.16
Twitch,7.14
Twitch,6.8
Twitch,6.24
Twitch,6.23
Twitch,6.22
Twitch,6.19
Twitch,6.17
Twitch,6.13
Twitch,5.8
Twitch,5.6
Twitch,5.22
Twitch,5.18
Twitch,5.16
Twitch,4.6
Twitch,4.5
Twitch,4.10
Udyr,9.5
Udyr,9.14
Udyr,9.13
Udyr,8.4
Udyr,8.1
Udyr,7.9
Udyr,7.8
Udyr,7.5
Udyr,7.22
Udyr,7.21
Udyr,7.10
Udyr,6.8
Udyr,6.7
Udyr,6.4
Udyr,6.21
Udyr,6.19
Udyr,4.8
Udyr,4.5
Udyr,4.4
Udyr,4.20
Udyr,4.19
Udyr,4.13
Udyr,3.7
Udyr,3.6
Udyr,3.5
Udyr,3.12
Udyr,3.10
Udyr,10.4
Urgot,9.7
Urgot,9.6
Urgot,9.4
Urgot,9.2
Urgot,9.14
Urgot,9.1
Urgot,8.19
Urgot,8.11
Urgot,7.9
Urgot,7.24
Urgot,7.23
Urgot,7.22
Urgot,7.21
Urgot,7.17
Urgot,7.16
Urgot,7.15
Urgot,6.8
Urgot,6.5
Urgot,5.5
Urgot,5.22
Urgot,4.5
Urgot,4.16
Urgot,4.15
Urgot,4.11
Urgot,10.6
Urgot,10.4
Varus,9.4
Varus,9.20
Varus,9.1
Varus,8.9
Varus,8.8
Varus,8.3
Varus,8.24b
Varus,8.24
Varus,8.21
Varus,8.17
Varus,8.13
Varus,8.11
Varus,8.1
Varus,7.9
Varus,7.6
Varus,7.5
Varus,7.4
Varus,7.22
Varus,7.19
Varus,7.13
Varus,6.24
Varus,6.13
Varus,6.10
Varus,6.1
Varus,5.5
Varus,5.3
Varus,5.22
Varus,4.5
Varus,4.21
Varus,4.16
Varus,4.13
Varus,3.8
Varus,3.7
Varus,3.13
Varus,10.6
Varus,10.5
Varus,10.1
Vayne,9.3
Vayne,9.19
Vayne,9.15
Vayne,9.11
Vayne,9.10
Vayne,9.1
Vayne,8.3
Vayne,8.2
Vayne,8.18
Vayne,8.14
Vayne,8.11
Vayne,8.1
Vayne,7.9
Vayne,7.8
Vayne,7.24
Vayne,7.22
Vayne,7.19
Vayne,6.8
Vayne,6.24
Vayne,6.22
Vayne,6.20
Vayne,6.17
Vayne,6.16
Vayne,6.15
Vayne,5.22
Vayne,5.20
Vayne,5.14
Vayne,4.5
Vayne,4.16
Vayne,4.15
Vayne,4.13
Vayne,3.6
Vayne,3.15
Vayne,3.14
Vayne,3.10
Vayne,3.03
Vayne,10.6
Vayne,10.4
Veigar,9.19
Veigar,9.1
Veigar,8.9
Veigar,8.8
Veigar,8.2
Veigar,8.19
Veigar,8.18
Veigar,7.9
Veigar,7.5
Veigar,7.22
Veigar,7.19
Veigar,7.12
Veigar,6.9
Veigar,6.8
Veigar,6.19
Veigar,6.17
Veigar,6.14
Veigar,6.10
Veigar,5.6
Veigar,5.5
Veigar,5.4
Veigar,5.22
Veigar,5.21
Veigar,5.18
Veigar,5.13
Veigar,4.5
Veigar,4.19
Veigar,4.13
Veigar,3.9
Veigar,3.7
Veigar,3.01
Veigar,10.6
Velkoz,9.6
Velkoz,8.9
Velkoz,8.3
Velkoz,8.14
Velkoz,7.9
Velkoz,7.23
Velkoz,7.22
Velkoz,7.19
Velkoz,6.9
Velkoz,6.2
Velkoz,6.15
Velkoz,6.11
Velkoz,6.10
Velkoz,5.6
Velkoz,5.22
Velkoz,5.16
Velkoz,4.5
Velkoz,4.4
Velkoz,4.3
Velkoz,4.13
Velkoz,4.12
Velkoz,10.6
Vi,9.7
Vi,9.6
Vi,9.5
Vi,9.24
Vi,9.2
Vi,8.8
Vi,8.6
Vi,8.3
Vi,8.24
Vi,8.22
Vi,8.20
Vi,8.2
Vi,8.19
Vi,8.14
Vi,7.7
Vi,7.3
Vi,7.24
Vi,7.23
Vi,7.22
Vi,7.18
Vi,7.16
Vi,7.10
Vi,6.5
Vi,6.17
Vi,5.5
Vi,5.17
Vi,4.5
Vi,4.4
Vi,4.19
Vi,4.11
Vi,3.8
Vi,3.6
Vi,3.14
Vi,3.03
Vi,3.02
Vi,3.01
Vi,10.7
Vi,10.4
Vi,10.1
Viktor,9.6
Viktor,9.21
Viktor,9.20
Viktor,9.17
Viktor,9.1
Viktor,8.9
Viktor,8.3
Viktor,8.24
Viktor,8.22
Viktor,8.2
Viktor,8.18
Viktor,8.14
Viktor,8.11
Viktor,7.9
Viktor,7.6
Viktor,7.22
Viktor,7.20
Viktor,6.9
Viktor,6.4
Viktor,6.22
Viktor,6.16
Viktor,6.15
Viktor,6.14
Viktor,6.11
Viktor,5.5
Viktor,5.24
Viktor,5.22
Viktor,5.18
Viktor,5.17
Viktor,5.16
Viktor,4.5
Viktor,4.18
Viktor,4.17
Viktor,3.8
Viktor,3.13
Viktor,10.4
Viktor,10.2
Vladimir,8.7
Vladimir,8.3
Vladimir,8.2
Vladimir,8.13
Vladimir,7.9
Vladimir,7.6
Vladimir,7.4
Vladimir,7.3
Vladimir,7.22
Vladimir,6.9
Vladimir,6.8
Vladimir,6.21
Vladimir,6.20
Vladimir,6.18
Vladimir,6.15
Vladimir,6.14
Vladimir,6.13
Vladimir,6.11
Vladimir,6.10
Vladimir,4.7
Vladimir,4.5
Vladimir,4.16
Vladimir,4.11
Vladimir,3.13
Volibear,9.9
Volibear,9.2
Volibear,9.1
Volibear,8.8
Volibear,8.5
Volibear,8.4
Volibear,8.3
Volibear,8.2
Volibear,7.9
Volibear,7.7
Volibear,7.22
Volibear,6.8
Volibear,6.19
Volibear,6.13
Volibear,5.5
Volibear,5.22
Volibear,5.16
Volibear,4.9
Volibear,4.5
Volibear,4.3
Volibear,3.01
Warwick,9.21
Warwick,9.18
Warwick,9.12
Warwick,9.11
Warwick,8.9
Warwick,8.8
Warwick,8.7
Warwick,8.3
Warwick,8.24b
Warwick,8.24
Warwick,7.9
Warwick,7.3
Warwick,7.22
Warwick,7.2
Warwick,7.17
Warwick,6.8
Warwick,5.8
Warwick,4.5
Warwick,4.21
Warwick,4.20
Warwick,4.19
Warwick,3.7
Warwick,3.5
Warwick,3.10
Warwick,10.6
Warwick,10.3
Warwick,10.1
Xayah,9.6
Xayah,9.22
Xayah,9.20
Xayah,9.18
Xayah,9.16
Xayah,9.15
Xayah,9.1
Xayah,8.8
Xayah,8.6
Xayah,8.3
Xayah,8.15
Xayah,8.11
Xayah,7.9
Xayah,7.8
Xayah,7.23
Xayah,7.22
Xayah,7.13
Xayah,7.12
Xayah,7.11
Xerath,9.15
Xerath,9.1
Xerath,8.9
Xerath,8.3
Xerath,7.9
Xerath,7.22
Xerath,7.19
Xerath,7.18
Xerath,7.15
Xerath,6.9
Xerath,6.7
Xerath,6.24
Xerath,6.16
Xerath,5.8
Xerath,5.4
Xerath,5.22
Xerath,5.1
Xerath,4.5
Xerath,4.2
Xerath,4.17
Xerath,4.16
Xerath,4.15
Xerath,4.14
Xerath,3.12
Xerath,10.6
XinZhao,9.2
XinZhao,9.19
XinZhao,9.10
XinZhao,9.1
XinZhao,8.8
XinZhao,8.7
XinZhao,8.6
XinZhao,8.4
XinZhao,8.3
XinZhao,8.2
XinZhao,8.11
XinZhao,7.8
XinZhao,7.3
XinZhao,7.24
XinZhao,7.22
XinZhao,7.21
XinZhao,7.19
XinZhao,6.8
XinZhao,6.4
XinZhao,6.3
XinZhao,6.12
XinZhao,5.9
XinZhao,5.5
XinZhao,5.24
XinZhao,5.14
XinZhao,5.13
XinZhao,4.5
XinZhao,4.21
XinZhao,4.2
XinZhao,3.03
XinZhao,10.7
XinZhao,10.6
Yasuo,9.9
Yasuo,9.6
Yasuo,9.4
Yasuo,9.3
Yasuo,9.24
Yasuo,9.23
Yasuo,9.21
Yasuo,9.2
Yasuo,9.14
Yasuo,9.1
Yasuo,8.8
Yasuo,8.3
Yasuo,8.24
Yasuo,8.2
Yasuo,8.11
Yasuo,7.9
Yasuo,7.8
Yasuo,7.24b
Yasuo,7.23
Yasuo,7.22
Yasuo,7.2
Yasuo,7.17
Yasuo,7.16
Yasuo,7.13
Yasuo,7.12
Yasuo,7.11
Yasuo,7.10
Yasuo,6.24
Yasuo,6.22
Yasuo,6.21
Yasuo,6.2
Yasuo,6.18
Yasuo,6.17
Yasuo,6.16
Yasuo,6.14
Yasuo,6.1
Yasuo,5.8
Yasuo,5.14
Yasuo,4.5
Yasuo,4.3
Yasuo,4.21
Yasuo,4.2
Yasuo,4.18
Yasuo,4.17
Yasuo,4.13
Yasuo,4.12
Yasuo,4.11
Yasuo,4.1
Yasuo,3.15
Yasuo,10.4
Yasuo,10.3
Yasuo,10.1
Yorick,9.6
Yorick,9.5
Yorick,9.2
Yorick,8.23
Yorick,8.21
Yorick,8.17
Yorick,8.12
Yorick,7.7
Yorick,7.6
Yorick,7.5
Yorick,7.24
Yorick,7.22
Yorick,7.14
Yorick,7.11
Yorick,7.10
Yorick,6.23
Yorick,6.21
Yorick,6.20
Yorick,6.18
Yorick,5.6
Yorick,4.9
Yorick,4.5
Yorick,4.4
Yorick,4.2
Yorick,3.11
Yorick,10.6
Yuumi,9.24
Yuumi,9.20
Yuumi,9.19
Yuumi,9.16
Yuumi,9.14
Yuumi,9.12
Yuumi,9.11
Yuumi,9.10
Yuumi,10.3
Zac,9.19
Zac,9.17
Zac,9.12
Zac,9.11
Zac,8.21
Zac,8.10
Zac,8.1
Zac,7.9
Zac,7.7
Zac,7.5
Zac,7.22
Zac,7.17
Zac,7.15
Zac,7.13
Zac,7.12
Zac,7.11
Zac,7.10
Zac,6.9
Zac,6.21
Zac,6.2
Zac,6.15
Zac,6.13
Zac,5.5
Zac,5.23
Zac,5.19
Zac,5.18
Zac,5.16
Zac,5.12
Zac,4.5
Zac,4.3
Zac,4.21
Zac,4.11
Zac,3.7
Zac,3.6
Zac,3.5
Zac,3.10
Zed,9.8
Zed,9.6
Zed,9.4
Zed,9.1
Zed,8.9
Zed,8.7
Zed,8.6
Zed,8.4
Zed,8.3
Zed,7.24
Zed,7.22
Zed,7.18
Zed,7.17
Zed,7.1
Zed,6.7
Zed,6.3
Zed,6.22
Zed,6.18
Zed,6.12
Zed,6.11
Zed,5.9
Zed,5.23
Zed,5.22
Zed,5.2
Zed,5.17
Zed,5.16
Zed,4.5
Zed,4.15
Zed,4.14
Zed,4.10
Zed,3.7
Zed,3.6
Zed,3.13
Zed,3.03
Zed,10.4
Ziggs,9.16
Ziggs,9.15
Ziggs,9.12
Ziggs,9.1
Ziggs,8.9
Ziggs,8.3
Ziggs,8.21
Ziggs,7.9
Ziggs,7.22
Ziggs,7.19
Ziggs,7.15
Ziggs,7.14
Ziggs,7.11
Ziggs,6.9
Ziggs,6.8
Ziggs,6.3
Ziggs,6.24
Ziggs,6.21
Ziggs,6.20
Ziggs,6.13
Ziggs,6.11
Ziggs,6.10
Ziggs,5.6
Ziggs,5.24
Ziggs,5.22
Ziggs,4.5
Ziggs,4.2
Ziggs,4.13
Ziggs,4.12
Ziggs,4.11
Ziggs,3.9
Ziggs,3.13
Ziggs,3.02
Ziggs,10.2
Zilean,8.9
Zilean,8.3
Zilean,7.9
Zilean,7.22
Zilean,7.14
Zilean,6.8
Zilean,6.17
Zilean,6.13
Zilean,5.6
Zilean,5.5
Zilean,5.4
Zilean,5.23
Zilean,5.22
Zilean,5.21
Zilean,5.14
Zilean,5.13
Zilean,5.12
Zilean,4.5
Zilean,4.20
Zilean,4.19
Zilean,4.17
Zilean,4.16
Zilean,4.14
Zilean,4.13
Zilean,10.6
Zilean,10.5
Zilean,10.3
Zoe,9.6
Zoe,9.18
Zoe,9.15
Zoe,8.9
Zoe,8.5
Zoe,8.4
Zoe,8.3
Zoe,8.21
Zoe,8.16
Zoe,8.14
Zoe,8.13
Zoe,8.1
Zoe,7.24b
Zoe,7.24
Zoe,7.23
Zoe,10.6
Zyra,9.6
Zyra,9.4
Zyra,9.3
Zyra,9.2
Zyra,9.17
Zyra,9.10
Zyra,9.1
Zyra,8.9
Zyra,8.7
Zyra,8.3
Zyra,8.21
Zyra,8.11
Zyra,8.1
Zyra,7.9
Zyra,7.5
Zyra,7.3
Zyra,7.24
Zyra,7.22
Zyra,7.20
Zyra,7.2
Zyra,7.15
Zyra,7.12
Zyra,7.11
Zyra,6.9
Zyra,6.2
Zyra,6.19
Zyra,6.15
Zyra,6.14
Zyra,6.13
Zyra,5.3
Zyra,5.22
Zyra,5.18
Zyra,4.5
Zyra,3.7
Zyra,3.13
Zyra,10.6
Zyra,10.1
