Champion,Name,Erscheinungsdatum
Aatrox,Original,12-Jun-2013
Aatrox,Justicar,12-Jun-2013
Aatrox,Mecha,23-Jul-2014
Aatrox,Sea Hunter,22-Jul-2015
Aatrox,Blood Moon,10-Jan-2019
Aatrox,Prestige Blood Moon,10-Jan-2019
Aatrox,Victorious,21-Nov-2019
Ahri,Original,14-Dec-2011
Ahri,Dynasty,14-Dec-2011
Ahri,Midnight,14-Dec-2011
Ahri,Foxfire,11-Jul-2012
Ahri,Popstar,25-Nov-2013
Ahri,Academy,26-Aug-2015
Ahri,Arcade,24-Aug-2016
Ahri,Star Guardian,06-Sep-2017
Ahri,KDA,03-Nov-2018
Ahri,Elderwood,29-Aug-2019
Ahri,Challenger,15-Jan-2015
Ahri,Prestige KDA,07-Mar-2019
Akali,Original,11-May-2010
Akali,Nurse,04-Jan-2011
Akali,Blood Moon,07-Jun-2011
Akali,Silverfang,29-Nov-2011
Akali,Headhunter,23-Mar-2015
Akali,Sashimi,07-Sep-2016
Akali,KDA,03-Nov-2018
Akali,PROJECT,01-Aug-2019
Akali,True Damage,10-Nov-2019
Akali,Stinger,11-May-2010
Akali,Infernal,11-May-2010
Akali,All-star,24-Jun-2010
Akali,Prestige KDA,06-Dec-2018
Alistar,Original,21-Feb-2009
Alistar,Golden,13-Jan-2010
Alistar,Infernal,13-Jul-2012
Alistar,Marauder,30-Sep-2015
Alistar,Moo Cow,29-Mar-2017
Alistar,Blackfrost,05-Mar-2020
Alistar,Matador,11-May-2010
Alistar,Longhorn,16-Feb-2011
Alistar,Sweeper,18-Jun-2014
Alistar,SKT T1,17-Aug-2016
Alistar,Conqueror,30-Apr-2019
Alistar,Black,13-Jun-2009
Alistar,Unchained,22-Sep-2011
Alistar,Hextech,26-Mar-2018
Amumu,Original,25-Jun-2009
Amumu,Emumu,01-Aug-2010
Amumu,Little Knight,18-Jul-2011
Amumu,Sad Robot,28-May-2012
Amumu,Surprise Party,31-Mar-2015
Amumu,Infernal,16-Oct-2018
Amumu,Pharaoh,02-Feb-2010
Amumu,Vancouver,12-Feb-2010
Amumu,Re-Gifted,14-Dec-2010
Amumu,Almost-Prom King,07-Feb-2011
Amumu,Hextech,26-Sep-2019
Amumu,Sewn Chaos,???
Anivia,Original,09-Jul-2009
Anivia,Bird of Prey,02-May-2010
Anivia,Blackfrost,29-Apr-2013
Anivia,Prehistoric,14-Jun-2015
Anivia,Festival Queen,23-Feb-2017
Anivia,Papercraft,21-Feb-2019
Anivia,Team Spirit,12-Feb-2010
Anivia,Noxus Hunter,24-Aug-2010
Anivia,Hextech,01-Mar-2011
Annie,Original,21-Feb-2009
Annie,Frostfire,24-May-2011
Annie,Reverse,06-Sep-2011
Annie,Panda,08-Feb-2013
Annie,Super Galaxy,16-Oct-2017
Annie,Red Riding,27-Apr-2010
Annie,Annie in Wonderland,16-Aug-2010
Annie,Prom Queen,07-Feb-2011
Annie,FrankenTibbers,19-Oct-2011
Annie,Sweetheart,13-Feb-2015
Annie,Goth,27-Oct-2009
Annie,Hextech,15-Mar-2016
Annie,Annie-Versary,27-Oct-2019
Aphelios,Original,11-Dec-2019
Aphelios,Nightbringer,11-Dec-2019
Ashe,Original,21-Feb-2009
Ashe,Sherwood Forest,08-Apr-2010
Ashe,Woad,18-Jul-2010
Ashe,Amethyst,15-Nov-2011
Ashe,Marauder,17-Feb-2015
Ashe,PROJECT,01-Aug-2016
Ashe,Cosmic Queen,21-Aug-2018
Ashe,High Noon,10-Oct-2019
Ashe,Freljord,20-Nov-2009
Ashe,Queen,21-Sep-2010
Ashe,Heartseeker,14-Feb-2014
Ashe,Championship,12-Sep-2017
AurelionSol,Original,24-Mar-2016
AurelionSol,Ashen Lord,24-Mar-2016
AurelionSol,Mecha,16-Aug-2018
Azir,Original,15-Sep-2014
Azir,Galactic,15-Sep-2014
Azir,Gravelord,01-Dec-2015
Azir,SKT T1,17-Aug-2016
Azir,Warring Kingdoms,19-Jan-2017
Bard,Original,12-Mar-2015
Bard,Elderwood,12-Mar-2015
Bard,Snow Day,10-Dec-2015
Bard,Bard Bard,17-Nov-2016
Blitzcrank,Original,01-Sep-2009
Blitzcrank,Boom Boom,29-Aug-2010
Blitzcrank,Piltover Customs,07-Mar-2011
Blitzcrank,iBlitzcrank,01-Mar-2013
Blitzcrank,Battle Boss,19-Aug-2015
Blitzcrank,Lancer Rogue,16-Nov-2017
Blitzcrank,Lancer Paragon,16-Nov-2017
Blitzcrank,Goalkeeper,24-Jun-2010
Blitzcrank,Definitely Not,19-Oct-2011
Blitzcrank,Riot,21-Oct-2013
Blitzcrank,Witch's Brew,24-Oct-2019
Blitzcrank,Rusty,20-Nov-2009
Blitzcrank,Sewn Chaos,???
Brand,Original,12-Apr-2011
Brand,Apocalyptic,12-Apr-2011
Brand,Cryocore,05-Oct-2011
Brand,Spirit Fire,21-Oct-2015
Brand,Battle Boss,08-Aug-2017
Brand,Arclight,07-Mar-2019
Brand,Vandal,12-Apr-2011
Brand,Zombie,26-Oct-2012
Braum,Original,11-May-2014
Braum,Dragonslayer,11-May-2014
Braum,El Tigre,21-Jan-2015
Braum,Braum Lionheart,07-Dec-2015
Braum,Mafia,23-Aug-2018
Braum,Sugar Rush,17-Dec-2019
Braum,Santa,14-Dec-2016
Caitlyn,Original,04-Jan-2011
Caitlyn,Resistance,04-Jan-2011
Caitlyn,Arctic Warfare,29-Dec-2011
Caitlyn,Officer,05-Oct-2011
Caitlyn,Headhunter,03-Sep-2014
Caitlyn,Pulsefire,24-May-2017
Caitlyn,Pool Party,02-Aug-2018
Caitlyn,Arcade,28-Jun-2019
Caitlyn,Sheriff,04-Jan-2011
Caitlyn,Safari,10-May-2011
Caitlyn,Lunar Wraith,27-Jan-2016
Caitlyn,Prestige Arcade,28-Jun-2019
Camille,Original,07-Dec-2016
Camille,Program,12-Dec-2016
Camille,Coven,27-Nov-2018
Camille,iG,23-Apr-2019
Cassiopeia,Original,14-Dec-2010
Cassiopeia,Desperada,14-Dec-2010
Cassiopeia,Siren,14-Dec-2010
Cassiopeia,Mythic,18-Jul-2012
Cassiopeia,Jade Fang,08-Feb-2013
Cassiopeia,Eternum,20-Sep-2017
Chogath,Original,25-Jun-2009
Chogath,Gentleman,11-May-2010
Chogath,Jurassic,01-Nov-2011
Chogath,Battlecast Prime,03-Aug-2012
Chogath,Prehistoric,14-Jun-2015
Chogath,Nightmare,20-Nov-2009
Chogath,Loch Ness,01-Mar-2011
Chogath,Dark Star,13-Jul-2018
Corki,Original,18-Sep-2009
Corki,Urfrider,04-Apr-2011
Corki,Dragonwing,08-Feb-2013
Corki,Arcade,24-Aug-2016
Corki,Corgi,27-Mar-2019
Corki,Ice Toboggan,12-Feb-2010
Corki,Red Baron,24-Mar-2010
Corki,Hot Rod,27-Jul-2010
Corki,Fnatic,24-Sep-2014
Corki,UFO,01-Jan-2010
Darius,Original,22-May-2012
Darius,Lord,22-May-2012
Darius,Bioforge,13-Nov-2012
Darius,Woad King,16-Jun-2013
Darius,Dunkmaster,12-Oct-2014
Darius,Academy,26-Aug-2015
Darius,God-King,27-Jun-2018
Darius,High Noon,10-Oct-2019
Darius,Dreadnova,12-Apr-2017
Diana,Original,07-Aug-2012
Diana,Dark Valkyrie,07-Aug-2012
Diana,Lunar Goddess,28-Jan-2014
Diana,Infernal,20-Apr-2016
Diana,Blood Moon,09-Feb-2017
Diana,Dark Waters,31-May-2018
Diana,Dragonslayer,30-Jan-2020
Draven,Original,05-Jun-2012
Draven,Soul Reaver,05-Jun-2012
Draven,Gladiator,25-Mar-2013
Draven,Primetime,20-Jun-2014
Draven,Pool Party,25-Jun-2015
Draven,Beast Hunter,04-Feb-2016
Draven,Mecha Kingdoms,15-Jan-2020
Draven,Draven Draven,31-Mar-2016
Draven,Santa,12-Dec-2017
DrMundo,Original,01-Sep-2009
DrMundo,Corporate Mundo,12-Sep-2010
DrMundo,Rageborn Mundo,27-Jul-2012
DrMundo,Pool Party Mundo,25-Jun-2015
DrMundo,El Macho Mundo,01-Jun-2016
DrMundo,Toxic,17-Dec-2009
DrMundo,Mr. Mundoverse,24-Mar-2010
DrMundo,Mundo Mundo,19-Oct-2010
DrMundo,Executioner Mundo,17-Jun-2011
DrMundo,TPA Mundo,23-May-2013
DrMundo,Frozen Prince Mundo,06-Dec-2018
Ekko,Original,27-May-2015
Ekko,Sandstorm,27-May-2015
Ekko,Academy,26-Aug-2015
Ekko,PROJECT,01-Aug-2016
Ekko,True Damage,10-Nov-2019
Ekko,SKT T1,27-Jun-2017
Ekko,Trick or Treat,24-Oct-2018
Elise,Original,26-Oct-2012
Elise,Death Blossom,26-Oct-2012
Elise,Blood Moon,08-Jan-2015
Elise,Super Galaxy,16-Oct-2017
Elise,SKT T1,17-Aug-2016
Elise,Victorious,20-Dec-2013
Evelynn,Original,30-Apr-2009
Evelynn,Shadow,20-Nov-2009
Evelynn,Tango,05-Oct-2010
Evelynn,Safecracker,28-Nov-2014
Evelynn,Blood Moon,08-May-2018
Evelynn,KDA,03-Nov-2018
Evelynn,Sugar Rush,17-Dec-2019
Evelynn,Masquerade,17-May-2010
Evelynn,Prestige KDA,18-Apr-2019
Ezreal,Original,16-Mar-2010
Ezreal,Frosted,18-Jul-2010
Ezreal,Pulsefire,29-Jun-2012
Ezreal,Debonair,05-Aug-2014
Ezreal,Ace of Spades,20-May-2015
Ezreal,Arcade,24-Aug-2016
Ezreal,Star Guardian,06-Sep-2017
Ezreal,Pajama Guardian,21-Nov-2018
Ezreal,Battle Academia,15-May-2019
Ezreal,Nottingham,16-Mar-2010
Ezreal,Striker,24-Jun-2010
Ezreal,Explorer,13-Oct-2010
Ezreal,TPA,23-May-2013
Ezreal,SSG,20-Jul-2018
Fiddlesticks,Original,21-Feb-2009
Fiddlesticks,Spectral,16-Mar-2010
Fiddlesticks,Bandito,10-Aug-2010
Fiddlesticks,Surprise Party,27-Oct-2011
Fiddlesticks,Risen,29-Apr-2015
Fiddlesticks,Praetorian,08-Nov-2018
Fiddlesticks,Union Jack,12-Feb-2010
Fiddlesticks,Pumpkinhead,19-Oct-2010
Fiddlesticks,Fiddle Me Timbers,26-Apr-2010
Fiddlesticks,Dark Candy,14-Dec-2012
Fiora,Original,29-Feb-2012
Fiora,Royal Guard,29-Feb-2012
Fiora,Nightraven,29-Feb-2012
Fiora,PROJECT,07-Sep-2015
Fiora,Pool Party,13-Jul-2016
Fiora,Soaring Sword,27-Sep-2017
Fiora,Headmistress,26-Oct-2012
Fiora,Heartpiercer,11-Feb-2019
Fiora,iG,23-Apr-2019
Fizz,Original,15-Nov-2011
Fizz,Atlantean,15-Nov-2011
Fizz,Tundra,15-Nov-2011
Fizz,Fisherman,01-Apr-2012
Fizz,Void,06-Apr-2014
Fizz,Cottontail,09-Aug-2015
Fizz,Super Galaxy,25-May-2016
Fizz,Omega Squad,26-Jul-2017
Fizz,Fuzz,27-Mar-2019
Fizz,Prestige Fuzz,27-Mar-2019
Galio,Original,10-Aug-2010
Galio,Enchanted,10-Aug-2010
Galio,Commando,18-Jan-2011
Galio,Gatekeeper,23-Apr-2012
Galio,Debonair,13-Apr-2015
Galio,Birdio,29-Mar-2018
Galio,Infernal,05-Sep-2019
Galio,Hextech,10-Aug-2010
Gangplank,Original,18-Aug-2009
Gangplank,Spooky,16-Mar-2010
Gangplank,Minuteman,03-Jul-2010
Gangplank,Special Forces,12-Sep-2012
Gangplank,Sultan,13-Nov-2013
Gangplank,Captain,09-Aug-2015
Gangplank,Dreadnova,12-Jan-2017
Gangplank,Pool Party,02-Aug-2018
Gangplank,Sailor,10-Jan-2011
Gangplank,Toy Soldier,14-Dec-2011
Garen,Original,27-Apr-2010
Garen,Commando,08-Sep-2010
Garen,Dreadknight,18-Jan-2011
Garen,Rugged,15-Aug-2011
Garen,Steel Legion,01-Feb-2013
Garen,Rogue Admiral,22-Jul-2015
Garen,God-King,27-Jun-2018
Garen,Demacia Vice,18-Jul-2019
Garen,Mecha Kingdoms,15-Jan-2020
Garen,Sanguine,27-Apr-2010
Garen,Desert Trooper,27-Apr-2010
Garen,Warring Kingdoms,19-Jan-2017
Garen,Prestige Mecha Kingdoms,15-Jan-2020
Gnar,Original,13-Aug-2014
Gnar,Dino,13-Aug-2014
Gnar,Gentleman,14-Jul-2015
Gnar,El Le√≥n,01-Jun-2016
Gnar,Super Galaxy,16-Oct-2017
Gnar,Snow Day,10-Dec-2015
Gnar,SSG,20-Jul-2018
Gragas,Original,02-Feb-2010
Gragas,Hillbilly,01-Aug-2010
Gragas,"Gragas, Esq.",12-Apr-2011
Gragas,Oktoberfest,21-Sep-2012
Gragas,Gragas Caskbreaker,07-Dec-2015
Gragas,Arctic Ops,25-Jan-2018
Gragas,Scuba,03-May-2010
Gragas,Santa,14-Dec-2010
Gragas,Vandal,02-Mar-2012
Gragas,Superfan,18-Jun-2014
Gragas,Fnatic,24-Sep-2014
Graves,Original,19-Oct-2011
Graves,Hired Gun,19-Oct-2011
Graves,Mafia,02-Apr-2012
Graves,Pool Party,09-Sep-2013
Graves,Cutthroat,21-Jul-2015
Graves,Praetorian,08-Nov-2018
Graves,Battle Professor,15-May-2019
Graves,Jailbreak,19-Oct-2011
Graves,Riot,16-Aug-2012
Graves,Snow Day,14-Dec-2016
Graves,Victorious,08-Nov-2017
Hecarim,Original,17-Apr-2012
Hecarim,Reaper,17-Apr-2012
Hecarim,Arcade,21-Aug-2013
Hecarim,Elderwood,25-Nov-2015
Hecarim,Worldbreaker,10-Nov-2016
Hecarim,High Noon,10-Oct-2019
Hecarim,Blood Knight,17-Apr-2012
Hecarim,Headless,26-Oct-2012
Hecarim,Lancer Zero,16-Aug-2017
Heimerdinger,Original,09-Oct-2009
Heimerdinger,Blast Zone,24-Jun-2010
Heimerdinger,Piltover Customs,22-Nov-2010
Heimerdinger,Hazmat,13-Jul-2014
Heimerdinger,Dragon Trainer,11-Oct-2018
Heimerdinger,Alien Invader,13-Jul-2010
Heimerdinger,Snowmerdinger,14-Dec-2011
Illaoi,Original,24-Nov-2015
Illaoi,Void Bringer,24-Nov-2015
Illaoi,Resistance,15-Mar-2018
Irelia,Original,16-Nov-2010
Irelia,Nightblade,16-Nov-2010
Irelia,Aviator,16-Nov-2010
Irelia,Frostblade,30-Apr-2012
Irelia,Order of the Lotus,03-Jun-2015
Irelia,Divine Sword,04-Sep-2018
Irelia,PROJECT,01-Aug-2019
Irelia,Infiltrator,11-Oct-2011
Irelia,iG,23-Apr-2019
Irelia,Prestige PROJECT,01-Aug-2019
Ivern,Original,04-Oct-2016
Ivern,Candy King,04-Oct-2016
Ivern,Dunkmaster,04-Apr-2019
Janna,Original,01-Sep-2009
Janna,Frost Queen,05-Dec-2011
Janna,Forecast,04-Sep-2013
Janna,Star Guardian,05-Oct-2016
Janna,Sacred Sword,27-Sep-2017
Janna,Guardian of the Sands,22-Jan-2020
Janna,Tempest,13-Jul-2010
Janna,Hextech,08-Nov-2010
Janna,Fnatic,24-Sep-2014
Janna,Bewitching,24-Oct-2018
Janna,Victorious,06-Nov-2012
JarvanIV,Original,01-Mar-2011
JarvanIV,Commando,01-Mar-2011
JarvanIV,Dragonslayer,01-Mar-2011
JarvanIV,Darkforge,26-Jul-2011
JarvanIV,Warring Kingdoms,08-Feb-2013
JarvanIV,Dark Star,01-Mar-2018
JarvanIV,Fnatic,24-Sep-2014
JarvanIV,SSG,20-Jul-2018
JarvanIV,Victorious,14-Sep-2011
JarvanIV,Hextech,04-Apr-2019
Jax,Original,21-Feb-2009
Jax,Jaximus,10-May-2011
Jax,Temple,15-Nov-2011
Jax,Nemesis,14-Sep-2012
Jax,Warden,30-Sep-2015
Jax,God Staff,11-Jan-2018
Jax,Mecha Kingdoms,15-Jan-2020
Jax,The Mighty,12-Feb-2010
Jax,Vandal,24-Feb-2010
Jax,Angler,08-Jun-2010
Jax,SKT T1,04-May-2014
Jax,PAX,26-Mar-2010
Jayce,Original,06-Jul-2012
Jayce,Full Metal,06-Jul-2012
Jayce,Debonair,14-Feb-2013
Jayce,Forsaken,03-May-2015
Jayce,Jayce Brighthammer,17-Nov-2016
Jayce,Battle Academia,15-May-2019
Jhin,Original,01-Feb-2016
Jhin,High Noon,01-Feb-2016
Jhin,Blood Moon,09-Feb-2017
Jhin,PROJECT,22-Nov-2017
Jhin,Dark Cosmic,13-Jun-2019
Jhin,SKT T1,27-Jun-2017
Jinx,Original,09-Oct-2013
Jinx,Mafia,09-Oct-2013
Jinx,Firecracker,10-Feb-2015
Jinx,Star Guardian,05-Oct-2016
Jinx,Odyssey,12-Sep-2018
Jinx,PROJECT,01-Aug-2019
Jinx,Zombie Slayer,05-Nov-2015
Jinx,Ambitious Elf,12-Dec-2017
Jinx,Heartseeker,04-Feb-2020
Kaisa,Original,07-Mar-2018
Kaisa,Bullet Angel,07-Mar-2018
Kaisa,KDA,03-Nov-2018
Kaisa,Arcade,28-Jun-2019
Kaisa,iG,23-Apr-2019
Kaisa,Prestige KDA,03-Nov-2018
Kalista,Original,20-Nov-2014
Kalista,Blood Moon,20-Nov-2014
Kalista,Championship,27-Sep-2015
Kalista,SKT T1,17-Aug-2016
Karma,Original,01-Feb-2011
Karma,Sakura,01-Feb-2011
Karma,Order of the Lotus,01-Oct-2014
Karma,Warden,30-Sep-2015
Karma,Dark Star,13-Jun-2019
Karma,Sun Goddess,01-Feb-2011
Karma,Traditional,29-Mar-2013
Karma,Winter Wonder,14-Dec-2016
Karma,Conqueror,23-Apr-2017
Karma,Dawnbringer,12-Dec-2019
Karthus,Original,11-Jun-2009
Karthus,Statue of Karthus,03-Jul-2010
Karthus,Grim Reaper,26-Sep-2010
Karthus,Pentakill,29-Aug-2011
Karthus,Karthus Lightsbane,17-Nov-2016
Karthus,Phantom,13-Jan-2010
Karthus,Fnatic,24-Sep-2014
Kassadin,Original,06-Aug-2009
Kassadin,Pre-Void,26-Sep-2010
Kassadin,Harbinger,13-Jul-2011
Kassadin,Cosmic Reaver,14-Oct-2015
Kassadin,Festival,12-Feb-2010
Kassadin,Deep One,01-Aug-2010
Kassadin,Count,24-Oct-2019
Katarina,Original,18-Sep-2009
Katarina,Mercenary,20-Nov-2009
Katarina,High Command,22-Feb-2011
Katarina,Sandstorm,02-Jan-2012
Katarina,Warring Kingdoms,10-Feb-2015
Katarina,PROJECT,01-Aug-2016
Katarina,Battle Academia,15-May-2019
Katarina,Blood Moon,20-Feb-2020
Katarina,Red Card,24-Jun-2010
Katarina,Bilgewater,29-Aug-2010
Katarina,Kitty Cat,19-Oct-2010
Katarina,Slay Belle,14-Dec-2012
Katarina,Death Sworn,25-Oct-2017
Kayle,Original,21-Feb-2009
Kayle,Viridian,01-Jun-2010
Kayle,Battleborn,18-Apr-2011
Kayle,Aether Wing,18-Jan-2013
Kayle,Iron Inquisitor,04-May-2016
Kayle,Pentakill,08-Aug-2017
Kayle,Transcended,13-Jul-2010
Kayle,Riot,12-Aug-2014
Kayle,Silver,13-Nov-2009
Kayle,Judgment,22-Aug-2011
Kayn,Original,11-Jul-2017
Kayn,Soulhunter,11-Jul-2017
Kayn,Odyssey,12-Sep-2018
Kennen,Original,08-Apr-2010
Kennen,Karate,08-Nov-2010
Kennen,Kennen M.D.,29-Mar-2011
Kennen,Arctic Ops,29-Dec-2011
Kennen,Blood Moon,25-Feb-2016
Kennen,Super,29-Mar-2017
Kennen,Deadly,08-Apr-2010
Kennen,Swamp Master,08-Apr-2010
Khazix,Original,26-Sep-2012
Khazix,Mecha,26-Sep-2012
Khazix,Guardian of the Sands,09-Sep-2014
Khazix,Death Blossom,17-Mar-2016
Khazix,Dark Star,03-May-2017
Khazix,Championship,27-Sep-2018
Kindred,Original,13-Oct-2015
Kindred,Shadowfire,13-Oct-2015
Kindred,Super Galaxy,25-May-2016
Kled,Original,09-Aug-2016
Kled,Sir,09-Aug-2016
Kled,Count Kledula,24-Oct-2018
KogMaw,Original,24-Jun-2010
KogMaw,Monarch,16-Nov-2010
KogMaw,Lion Dance,01-Feb-2011
KogMaw,Jurassic,23-Mar-2012
KogMaw,Battlecast,25-Nov-2014
KogMaw,Pug'Maw,29-Mar-2017
KogMaw,Caterpillar,24-Jun-2010
KogMaw,Sonoran,24-Jun-2010
KogMaw,Reindeer,14-Dec-2010
KogMaw,Deep Sea,19-Sep-2011
KogMaw,Hextech,07-Dec-2017
Leblanc,Original,02-Nov-2010
Leblanc,Wicked,02-Nov-2010
Leblanc,Prestigious,02-Nov-2010
Leblanc,Elderwood,10-Mar-2016
Leblanc,Program,15-Nov-2018
Leblanc,Mistletoe,14-Dec-2011
Leblanc,Ravenborn,28-Oct-2014
Leblanc,iG,23-Apr-2019
Leblanc,Coven,???
LeeSin,Original,01-Apr-2011
LeeSin,Traditional,01-Apr-2011
LeeSin,Acolyte,01-Apr-2011
LeeSin,Dragon Fist,10-Jan-2012
LeeSin,Muay Thai,24-Jul-2012
LeeSin,Pool Party,09-Sep-2013
LeeSin,Knockout,31-May-2015
LeeSin,God Fist,05-Apr-2017
LeeSin,Nightbringer,12-Dec-2019
LeeSin,SKT T1,04-May-2014
LeeSin,Playmaker,14-Jun-2018
LeeSin,Prestige Nightbringer,12-Dec-2019
Leona,Original,13-Jul-2011
Leona,Valkyrie,13-Jul-2011
Leona,Iron Solari,10-Feb-2012
Leona,Pool Party,09-Sep-2013
Leona,PROJECT,07-Sep-2015
Leona,Barbecue,07-Sep-2016
Leona,Solar Eclipse,27-Nov-2018
Leona,Lunar Eclipse,27-Nov-2018
Leona,Mecha Kingdoms,15-Jan-2020
Leona,Defender,13-Jul-2011
Lissandra,Original,29-Apr-2013
Lissandra,Bloodstone,29-Apr-2013
Lissandra,Blade Queen,26-May-2014
Lissandra,Program,06-Apr-2016
Lissandra,Coven,27-Nov-2018
Lucian,Original,21-Aug-2013
Lucian,Hired Gun,21-Aug-2013
Lucian,PROJECT,07-Sep-2015
Lucian,High Noon,30-Aug-2018
Lucian,Demacia Vice,18-Jul-2019
Lucian,Striker,18-Jun-2014
Lucian,Heartseeker,02-Feb-2017
Lulu,Original,20-Mar-2012
Lulu,Wicked,20-Mar-2012
Lulu,Dragon Trainer,13-Nov-2012
Lulu,Pool Party,25-Jun-2015
Lulu,Star Guardian,05-Oct-2016
Lulu,Cosmic Enchantress,21-Aug-2018
Lulu,Pajama Guardian,21-Nov-2018
Lulu,Bittersweet,20-Mar-2012
Lulu,Winter Wonder,19-Dec-2013
Lux,Original,19-Oct-2010
Lux,Sorceress,19-Oct-2010
Lux,Spellthief,19-Oct-2010
Lux,Commando,17-Jun-2011
Lux,Steel Legion,01-Feb-2013
Lux,Star Guardian,17-May-2015
Lux,Elementalist,28-Nov-2016
Lux,Pajama Guardian,21-Nov-2018
Lux,Battle Academia,15-May-2019
Lux,Dark Cosmic,26-Mar-2020
Lux,Cosmic,26-Mar-2020
Lux,Imperial,29-Nov-2011
Lux,Lunar Empress,08-Feb-2018
Lux,Prestige Battle Academia,15-May-2019
Malphite,Original,01-Sep-2009
Malphite,Glacial,11-Jul-2012
Malphite,Mecha,23-Jul-2014
Malphite,Ironside,07-Oct-2015
Malphite,Odyssey,12-Sep-2018
Malphite,Dark Star,26-Mar-2020
Malphite,Shamrock,16-Mar-2010
Malphite,Coral Reef,08-Nov-2010
Malphite,Marble,21-Mar-2011
Malphite,Obsidian,15-Aug-2011
Malphite,Prestige Dark Star,26-Mar-2020
Malzahar,Original,01-Jun-2010
Malzahar,Shadow Prince,01-Jun-2010
Malzahar,Djinn,01-Feb-2011
Malzahar,Overlord,19-Sep-2011
Malzahar,Battle Boss,08-Aug-2017
Malzahar,Vizier,01-Jun-2010
Malzahar,Snow Day,15-Dec-2014
Malzahar,Hextech,18-Oct-2018
Malzahar,Worldbreaker,09-Apr-2020
Maokai,Original,16-Feb-2011
Maokai,Charred,16-Feb-2011
Maokai,Totemic,16-Feb-2011
Maokai,Meowkai,31-Mar-2016
Maokai,Festive,14-Dec-2011
Maokai,Haunted,26-Oct-2012
Maokai,Goalkeeper,18-Jun-2014
Maokai,Victorious,08-Nov-2016
Maokai,Worldbreaker,09-Apr-2020
MasterYi,Original,21-Feb-2009
MasterYi,Assassin,17-Dec-2009
MasterYi,Chosen,03-Jun-2010
MasterYi,Ionia,12-Sep-2010
MasterYi,Samurai Yi,07-Mar-2011
MasterYi,Headhunter,08-Feb-2012
MasterYi,PROJECT Yi,07-Sep-2015
MasterYi,Cosmic Blade,26-Apr-2017
MasterYi,Eternal Sword Yi,27-Sep-2017
MasterYi,Blood Moon,20-Feb-2020
MasterYi,Snow Man Yi,06-Dec-2018
MissFortune,Original,08-Sep-2010
MissFortune,Cowgirl,08-Sep-2010
MissFortune,Waterloo,08-Sep-2010
MissFortune,Mafia,01-Nov-2011
MissFortune,Arcade,12-Aug-2014
MissFortune,Captain Fortune,30-Jul-2015
MissFortune,Pool Party,13-Jul-2016
MissFortune,Star Guardian,06-Sep-2017
MissFortune,Gun Goddess,22-Mar-2018
MissFortune,Pajama Guardian,21-Nov-2018
MissFortune,Secret Agent,16-Nov-2010
MissFortune,Candy Cane,14-Dec-2010
MissFortune,Road Warrior,24-May-2011
MissFortune,Bewitching,24-Oct-2019
MissFortune,Prestige Bewitching,24-Oct-2019
MonkeyKing,Original,26-Jul-2011
MonkeyKing,Volcanic,26-Jul-2011
MonkeyKing,General,26-Jul-2011
MonkeyKing,Jade Dragon,10-Jan-2012
MonkeyKing,Radiant,27-Jan-2016
MonkeyKing,Lancer Stratus,04-Apr-2018
MonkeyKing,Underworld,28-Oct-2014
Mordekaiser,Original,24-Feb-2010
Mordekaiser,Infernal,24-Feb-2010
Mordekaiser,Pentakill,21-Sep-2010
Mordekaiser,Lord,10-May-2011
Mordekaiser,King of Clubs,20-May-2015
Mordekaiser,Dark Star,26-Mar-2020
Mordekaiser,Dragon Knight,24-Feb-2010
Morgana,Original,21-Feb-2009
Morgana,Blade Mistress,01-Dec-2010
Morgana,Blackthorn,23-May-2012
Morgana,Ghost Bride,13-Jun-2013
Morgana,Majestic Empress,26-Sep-2019
Morgana,Exiled,01-Jun-2010
Morgana,Sinful Succulence,02-Sep-2010
Morgana,Lunar Wraith,27-Jan-2016
Morgana,Bewitching,19-Oct-2016
Morgana,Victorious,11-Nov-2014
Morgana,Coven,???
Nami,Original,07-Dec-2012
Nami,Koi,07-Dec-2012
Nami,River Spirit,01-Jun-2014
Nami,Urf the Nami-tee,31-Mar-2015
Nami,Deep Sea,29-Jun-2016
Nami,Program,15-Nov-2018
Nami,Splendid Staff,26-Sep-2019
Nami,SKT T1,27-Jun-2017
Nasus,Original,30-Sep-2009
Nasus,Galactic,13-Jul-2010
Nasus,Pharaoh,02-Nov-2010
Nasus,Dreadknight,26-Apr-2011
Nasus,Infernal,20-Nov-2013
Nasus,Archduke,31-Mar-2015
Nasus,Worldbreaker,10-Nov-2016
Nasus,Riot K-9,16-Aug-2011
Nasus,Lunar Guardian,08-Feb-2018
Nautilus,Original,14-Feb-2012
Nautilus,Abyssal,14-Feb-2012
Nautilus,Subterranean,14-Feb-2012
Nautilus,AstroNautilus,04-Sep-2012
Nautilus,Warden,17-Feb-2015
Nautilus,Worldbreaker,10-Nov-2016
Neeko,Original,05-Dec-2018
Neeko,Winter Wonder,05-Dec-2018
Neeko,Star Guardian,12-Sep-2019
Neeko,Prestige Star Guardian,12-Sep-2019
Nidalee,Original,17-Dec-2009
Nidalee,French Maid,24-Jun-2010
Nidalee,Pharaoh,10-Jan-2011
Nidalee,Headhunter,20-Mar-2013
Nidalee,Warring Kingdoms,10-Feb-2015
Nidalee,Super Galaxy,16-Oct-2017
Nidalee,Dawnbringer,12-Dec-2019
Nidalee,Snow Bunny,17-Dec-2009
Nidalee,Leopard,24-Feb-2010
Nidalee,Bewitching,19-Oct-2011
Nidalee,Challenger,14-Jan-2016
Nocturne,Original,15-Mar-2011
Nocturne,Frozen Terror,15-Mar-2011
Nocturne,Ravager,13-Jul-2011
Nocturne,Eternum,05-Dec-2012
Nocturne,Cursed Revenant,04-May-2016
Nocturne,Elderwood,29-Aug-2019
Nocturne,Void,15-Mar-2011
Nocturne,Haunting,19-Oct-2011
Nunu,Original,21-Feb-2009
Nunu,Grungy,10-Aug-2010
Nunu,Nunu Bot,05-May-2011
Nunu,Demolisher,24-Aug-2011
Nunu,Papercraft,21-Feb-2019
Nunu,Sasquatch,20-Nov-2009
Nunu,Workshop,17-Dec-2009
Nunu,TPA,23-May-2013
Nunu,Zombie,05-Nov-2015
Olaf,Original,08-Jun-2010
Olaf,Brolaf,01-Dec-2010
Olaf,Pentakill,01-Oct-2012
Olaf,Marauder,30-Sep-2015
Olaf,Butcher,07-Sep-2016
Olaf,Dragonslayer,30-Jan-2020
Olaf,Forsaken,08-Jun-2010
Olaf,Glacial,08-Jun-2010
Olaf,SKT T1,27-Jun-2017
Orianna,Original,01-Jun-2011
Orianna,Gothic,01-Jun-2011
Orianna,Sewn Chaos,01-Jun-2011
Orianna,Bladecraft,29-Feb-2012
Orianna,Dark Star,03-May-2017
Orianna,TPA,23-May-2013
Orianna,Winter Wonder,15-Dec-2014
Orianna,Heartseeker,11-Feb-2016
Orianna,Victorious,21-Nov-2018
Ornn,Original,22-Aug-2017
Ornn,Thunder Lord,22-Aug-2017
Pantheon,Original,02-Feb-2010
Pantheon,Myrmidon,02-Feb-2010
Pantheon,Full Metal,01-Aug-2011
Pantheon,Dragonslayer,14-May-2014
Pantheon,Baker,07-Sep-2016
Pantheon,Ruthless,08-Aug-2010
Pantheon,Perseus,02-Nov-2010
Pantheon,Glaive Warrior,30-May-2012
Pantheon,Zombie Slayer,05-Nov-2015
Poppy,Original,13-Jan-2010
Poppy,Battle Regalia,15-Mar-2011
Poppy,Scarlet Hammer,01-Feb-2012
Poppy,Star Guardian,05-Oct-2016
Poppy,Noxus,02-Feb-2010
Poppy,Lollipoppy,19-Oct-2010
Poppy,Blacksmith,24-Aug-2010
Poppy,Ragdoll,14-Dec-2010
Poppy,Snow Fawn,12-Dec-2017
Poppy,Hextech,23-Jul-2018
Pyke,Original,31-May-2018
Pyke,Sand Wraith,31-May-2018
Pyke,Blood Moon,10-Jan-2019
Pyke,PROJECT,01-Aug-2019
Qiyana,Original,28-Jun-2019
Qiyana,Battle Boss,28-Jun-2019
Qiyana,True Damage,10-Nov-2019
Qiyana,Prestige True Damage,10-Nov-2019
Quinn,Original,01-Mar-2013
Quinn,Phoenix,01-Mar-2013
Quinn,Woad Scout,09-Jun-2014
Quinn,Corsair,22-Jul-2015
Quinn,Heartseeker,02-Feb-2017
Rakan,Original,18-Apr-2017
Rakan,Cosmic Dawn,18-Apr-2017
Rakan,Star Guardian,12-Sep-2019
Rakan,Sweetheart,12-Feb-2018
Rakan,SSG,20-Jul-2018
Rakan,iG,23-Apr-2019
Rammus,Original,09-Jul-2009
Rammus,Chrome,17-May-2010
Rammus,Freljord,22-Nov-2010
Rammus,Full Metal,16-Aug-2012
Rammus,Guardian of the Sands,26-Apr-2015
Rammus,Molten,13-Jul-2010
Rammus,Ninja,17-May-2011
Rammus,Sweeper,14-Jun-2018
Rammus,King,20-Oct-2009
Rammus,Hextech,15-Aug-2019
RekSai,Original,11-Dec-2014
RekSai,Eternum,11-Dec-2014
RekSai,Pool Party,25-Jun-2015
RekSai,Blackfrost,05-Mar-2020
Renekton,Original,18-Jan-2011
Renekton,Bloodfury,26-Jul-2011
Renekton,Scorched Earth,10-Feb-2014
Renekton,Pool Party,09-Sep-2013
Renekton,Prehistoric,14-Jun-2015
Renekton,Renektoy,29-Mar-2017
Renekton,Blackfrost,05-Mar-2020
Renekton,Galactic,18-Jan-2011
Renekton,Outback,18-Jan-2011
Renekton,Rune Wars,30-Apr-2012
Renekton,SKT T1,17-Aug-2016
Renekton,Hextech,20-Dec-2018
Rengar,Original,21-Aug-2012
Rengar,Headhunter,21-Aug-2012
Rengar,Night Hunter,19-May-2014
Rengar,Mecha,09-Nov-2017
Rengar,Pretty Kitty,27-Mar-2019
Rengar,Guardian of the Sands,22-Jan-2020
Rengar,SSW,13-May-2015
Riven,Original,14-Sep-2011
Riven,Redeemed,14-Sep-2011
Riven,Crimson Elite,14-Sep-2011
Riven,Battle Bunny,06-Apr-2012
Riven,Arcade,19-Aug-2015
Riven,Dawnbringer,14-Jun-2017
Riven,Pulsefire,17-May-2018
Riven,Valiant Sword,26-Sep-2019
Riven,Dragonblade,28-Jan-2014
Riven,Championship 2016,25-Sep-2016
Riven,Championship,13-Oct-2012
Riven,Prestige Valiant Sword,26-Sep-2019
Rumble,Original,26-Apr-2011
Rumble,Rumble in the Jungle,26-Apr-2011
Rumble,Super Galaxy,02-Apr-2014
Rumble,Badlands Baron,11-Apr-2018
Rumble,Bilgerat,26-Apr-2011
Ryze,Original,21-Feb-2009
Ryze,Uncle,03-Jul-2010
Ryze,Dark Crystal,20-Feb-2012
Ryze,Ryze Whitebeard,07-Dec-2015
Ryze,Guardian of the Sands,22-Jan-2020
Ryze,Tribal,04-Mar-2010
Ryze,Professor,05-Oct-2010
Ryze,Zombie,19-Oct-2010
Ryze,Pirate,26-Oct-2012
Ryze,SKT T1,17-Aug-2016
Ryze,Championship,26-Sep-2019
Ryze,Young,17-Jul-2009
Ryze,Triumphant,31-Aug-2010
Sejuani,Original,17-Jan-2012
Sejuani,Darkrider,17-Jan-2012
Sejuani,Bear Cavalry,31-Jul-2013
Sejuani,Beast Hunter,04-Feb-2016
Sejuani,Sejuani Dawnchaser,17-Nov-2016
Sejuani,Sabretusk,17-Jan-2012
Sejuani,Traditional,30-Apr-2013
Sejuani,Poro Rider,15-Dec-2014
Sejuani,Firecracker,28-Jan-2019
Sejuani,Hextech,05-Mar-2020
Senna,Original,10-Nov-2019
Senna,True Damage,10-Nov-2019
Senna,Prestige True Damage,04-Feb-2020
Sett,Original,14-Jan-2020
Sett,Mecha Kingdoms,14-Jan-2020
Shaco,Original,09-Oct-2009
Shaco,Mad Hatter,08-Jun-2010
Shaco,Royal,12-Sep-2010
Shaco,Asylum,07-Nov-2011
Shaco,Masked,08-Jan-2013
Shaco,Wild Card,20-May-2015
Shaco,Dark Star,13-Jun-2019
Shaco,Nutcracko,14-Dec-2010
Shaco,Workshop,29-Mar-2011
Shen,Original,24-Mar-2010
Shen,Surgeon,04-Jan-2011
Shen,Blood Moon,07-Jun-2011
Shen,Warlord,17-Apr-2012
Shen,Pulsefire,17-May-2018
Shen,Infernal,05-Sep-2019
Shen,Frozen,24-Mar-2010
Shen,Yellow Jacket,24-Mar-2010
Shen,TPA,23-May-2013
Shyvana,Original,01-Nov-2011
Shyvana,Ironscale,01-Nov-2011
Shyvana,Boneclaw,01-Nov-2011
Shyvana,Darkflame,28-May-2012
Shyvana,Ice Drake,29-Apr-2013
Shyvana,Super Galaxy,25-May-2016
Shyvana,Championship,13-Oct-2014
Singed,Original,17-Apr-2009
Singed,Surfer,06-Dec-2010
Singed,Augmented,09-Jul-2012
Singed,Black Scourge,04-May-2016
Singed,Beekeeper,11-Oct-2017
Singed,Hextech,15-Aug-2010
Singed,Mad Scientist,26-Sep-2011
Singed,Snow Day,19-Dec-2013
Singed,SSW,13-May-2015
Singed,Riot Squad,25-Jun-2010
Sion,Original,21-Feb-2009
Sion,Barbarian,26-Sep-2010
Sion,Lumberjack,24-Jan-2011
Sion,Warmonger,18-Jul-2011
Sion,Mecha Zero,13-Apr-2016
Sion,Hextech,01-Jun-2010
Sion,Worldbreaker,09-Apr-2020
Sivir,Original,21-Feb-2009
Sivir,Warrior Princess,27-Apr-2010
Sivir,Bandit,21-Mar-2011
Sivir,Warden,17-Feb-2015
Sivir,Pizza Delivery,29-Mar-2018
Sivir,Blood Moon,10-Jan-2019
Sivir,Spectacular,08-Jun-2010
Sivir,Snowstorm,19-Dec-2013
Sivir,Huntress,07-Feb-2011
Sivir,PAX,25-Aug-2011
Sivir,Victorious,12-Nov-2015
Sivir,Neo PAX,30-Aug-2017
Skarner,Original,09-Aug-2011
Skarner,Sandscourge,09-Aug-2011
Skarner,Earthrune,09-Aug-2011
Skarner,Battlecast Alpha,25-Nov-2014
Skarner,Guardian of the Sands,26-Apr-2015
Sona,Original,21-Sep-2010
Sona,Pentakill,21-Sep-2010
Sona,Guqin,10-Jan-2012
Sona,Arcade,31-Aug-2012
Sona,DJ,25-Feb-2015
Sona,Odyssey,12-Sep-2018
Sona,Muse,21-Sep-2010
Sona,Silent Night,14-Dec-2010
Sona,Sweetheart,11-Feb-2016
Soraka,Original,21-Feb-2009
Soraka,Dryad,03-Jun-2010
Soraka,Divine,02-Nov-2010
Soraka,Celestine,05-Mar-2013
Soraka,Order of the Banana,31-Mar-2015
Soraka,Program,06-Apr-2016
Soraka,Star Guardian,06-Sep-2017
Soraka,Pajama Guardian,21-Nov-2018
Soraka,Dawnbringer,12-Dec-2019
Soraka,Nightbringer,12-Dec-2019
Soraka,Reaper,05-Nov-2014
Soraka,Winter Wonder,06-Dec-2018
Swain,Original,05-Oct-2010
Swain,Northern Front,05-Oct-2010
Swain,Bilgewater,05-Oct-2010
Swain,Tyrant,22-May-2012
Swain,Dragon Master,22-Feb-2018
Swain,Hextech,12-Dec-2019
Sylas,Original,25-Jan-2019
Sylas,Lunar Wraith,25-Jan-2019
Sylas,Freljord,10-Jan-2020
Syndra,Original,12-Sep-2012
Syndra,Justicar,12-Sep-2012
Syndra,Atlantean,29-Apr-2014
Syndra,Queen of Diamonds,20-May-2015
Syndra,Star Guardian,06-Sep-2017
Syndra,Snow Day,10-Dec-2015
Syndra,SKT T1,27-Jun-2017
TahmKench,Original,08-Jul-2015
TahmKench,Master Chef,08-Jul-2015
TahmKench,Urf Kench,31-Mar-2016
TahmKench,Coin Emperor,28-Jan-2019
Taliyah,Original,17-May-2016
Taliyah,Freljord,17-May-2016
Taliyah,SSG,20-Jul-2018
Talon,Original,24-Aug-2011
Talon,Renegade,24-Aug-2011
Talon,Crimson Elite,24-Aug-2011
Talon,Dragonblade,10-Jan-2012
Talon,Blood Moon,09-Feb-2017
Talon,Enduring Sword,04-Sep-2018
Talon,Talon Blackwood,19-Mar-2020
Talon,SSW,13-May-2015
Taric,Original,18-Aug-2009
Taric,Armor of the Fifth Age,08-Apr-2010
Taric,Bloodstone,09-Aug-2011
Taric,Pool Party,13-Jul-2016
Taric,Taric Luminshield,19-Mar-2020
Taric,Emerald,20-Nov-2009
Teemo,Original,21-Feb-2009
Teemo,Astronaut,27-Oct-2010
Teemo,Cottontail,18-Apr-2011
Teemo,Super,10-Oct-2011
Teemo,Panda,09-Jul-2012
Teemo,Omega Squad,08-Apr-2015
Teemo,Beemo,01-May-2018
Teemo,Happy Elf,17-Dec-2009
Teemo,Recon,17-Dec-2009
Teemo,Badger,13-Jan-2010
Teemo,Little Devil,19-Oct-2016
Thresh,Original,23-Jan-2013
Thresh,Deep Terror,23-Jan-2013
Thresh,Blood Moon,08-Jan-2015
Thresh,Dark Star,15-Jun-2016
Thresh,High Noon,30-Aug-2018
Thresh,Pulsefire,21-Nov-2019
Thresh,Championship,03-Oct-2013
Thresh,SSW,13-May-2015
Thresh,Prestige Pulsefire,21-Nov-2019
Tristana,Original,21-Feb-2009
Tristana,Buccaneer,27-Jun-2011
Tristana,Rocket Girl,19-Oct-2012
Tristana,Dragon Trainer,03-Dec-2015
Tristana,Omega Squad,26-Jul-2017
Tristana,Little Demon,30-May-2019
Tristana,Pengu Cosplay,01-Apr-2020
Tristana,Earnest Elf,31-Dec-2009
Tristana,Firefighter,03-Jun-2010
Tristana,Guerilla,10-Aug-2010
Tristana,Bewitching,19-Oct-2016
Tristana,Riot Girl,15-Dec-2009
Trundle,Original,01-Dec-2010
Trundle,Lil' Slugger,01-Dec-2010
Trundle,Junkyard,01-Dec-2010
Trundle,Constable,28-Nov-2014
Trundle,Worldbreaker,10-Nov-2016
Trundle,Dragonslayer,30-Jan-2020
Trundle,Traditional,30-Apr-2013
Tryndamere,Original,30-Apr-2009
Tryndamere,King,21-Sep-2010
Tryndamere,Demonblade,01-Aug-2011
Tryndamere,Sultan,26-Sep-2012
Tryndamere,Nightmare,07-Jun-2015
Tryndamere,Beast Hunter,04-Feb-2016
Tryndamere,Chemtech,05-Jun-2017
Tryndamere,Blood Moon,20-Feb-2020
Tryndamere,Highland,16-Mar-2010
Tryndamere,Viking,24-Jun-2011
Tryndamere,Warring Kingdoms,28-Jan-2014
TwistedFate,Original,21-Feb-2009
TwistedFate,Jack of Hearts,10-Feb-2010
TwistedFate,Tango,05-Oct-2010
TwistedFate,High Noon,17-May-2011
TwistedFate,Musketeer,21-Nov-2011
TwistedFate,Cutpurse,21-Jul-2015
TwistedFate,Blood Moon,09-Feb-2017
TwistedFate,Pulsefire,17-May-2018
TwistedFate,The Magnificent,17-May-2010
TwistedFate,Underworld,26-Oct-2012
TwistedFate,Red Card,18-Jun-2014
TwistedFate,PAX,03-Sep-2009
Twitch,Original,30-Apr-2009
Twitch,Gangster,13-Oct-2010
Twitch,Pickpocket,28-Nov-2014
Twitch,Omega Squad,26-Jul-2017
Twitch,Twitch Shadowfoot,19-Mar-2020
Twitch,Kingpin,20-Nov-2009
Twitch,Whistler Village,12-Feb-2010
Twitch,Vandal,22-Feb-2011
Twitch,SSW,13-May-2015
Twitch,Ice King,06-Dec-2018
Twitch,Medieval,15-Dec-2009
Udyr,Original,02-Dec-2009
Udyr,Black Belt,18-Jul-2010
Udyr,Spirit Guard,16-Jul-2013
Udyr,Definitely Not,31-Mar-2015
Udyr,Dragon Oracle,15-Aug-2019
Udyr,Primal,06-Dec-2010
Urgot,Original,24-Aug-2010
Urgot,Giant Enemy Crabgot,24-Aug-2010
Urgot,Battlecast,05-Mar-2012
Urgot,High Noon,30-Aug-2018
Urgot,Pajama Guardian Cosplay,01-Apr-2020
Urgot,Butcher,24-Aug-2010
Varus,Original,08-May-2012
Varus,Blight Crystal,08-May-2012
Varus,Arclight,05-Dec-2012
Varus,Arctic Ops,20-Mar-2014
Varus,Varus Swiftbolt,07-Dec-2015
Varus,Dark Star,15-Jun-2016
Varus,Infernal,05-Sep-2019
Varus,Heartseeker,13-Feb-2015
Varus,Conqueror,25-Apr-2018
Vayne,Original,10-May-2011
Vayne,Aristocrat,10-May-2011
Vayne,Dragonslayer,24-Aug-2011
Vayne,Arclight,20-Apr-2015
Vayne,PROJECT,22-Nov-2017
Vayne,Vindicator,10-May-2011
Vayne,Heartseeker,14-Feb-2012
Vayne,SKT T1,04-May-2014
Vayne,Firecracker,28-Jan-2019
Vayne,Soulstealer,28-Jul-2016
Vayne,Prestige Firecracker,28-Jan-2019
Veigar,Original,23-Jul-2009
Veigar,White Mage,17-Dec-2009
Veigar,Veigar Greybeard,08-Sep-2010
Veigar,Leprechaun,15-Mar-2011
Veigar,Superb Villain,02-Jan-2012
Veigar,Final Boss,27-Aug-2014
Veigar,Omega Squad,26-Jul-2017
Veigar,Elderwood,29-Aug-2019
Veigar,Furyhorn Cosplay,01-Apr-2020
Veigar,Curling,12-Feb-2010
Veigar,Baron Von,27-Jun-2011
Veigar,Bad Santa,14-Dec-2012
Velkoz,Original,27-Feb-2014
Velkoz,Battlecast,27-Feb-2014
Velkoz,Arclight,28-Jan-2015
Velkoz,Definitely Not,31-Mar-2016
Vi,Original,19-Dec-2012
Vi,Neon Strike,19-Dec-2012
Vi,Officer,29-Oct-2013
Vi,Debonair,05-Aug-2014
Vi,Demon,19-Oct-2015
Vi,PROJECT,22-Nov-2017
Vi,Warring Kingdoms,19-Jan-2017
Vi,Heartbreaker,11-Feb-2019
Viktor,Original,29-Dec-2011
Viktor,Full Machine,29-Dec-2011
Viktor,Creator,30-Sep-2013
Viktor,Prototype,29-Dec-2011
Viktor,Death Sworn,25-Oct-2017
Vladimir,Original,27-Jul-2010
Vladimir,Marquis,27-Jul-2010
Vladimir,Blood Lord,21-Nov-2011
Vladimir,Soulstealer,09-Jul-2014
Vladimir,Academy,26-Aug-2015
Vladimir,Dark Waters,31-May-2018
Vladimir,Nightbringer,12-Dec-2019
Vladimir,Count,27-Jul-2010
Vladimir,Nosferatu,19-Oct-2010
Vladimir,Vandal,24-Jan-2011
Volibear,Original,29-Nov-2011
Volibear,Thunder Lord,29-Nov-2011
Volibear,Runeguard,29-Apr-2013
Volibear,Captain,28-Nov-2014
Volibear,El Rayo,01-Jun-2016
Volibear,Northern Storm,29-Nov-2011
Warwick,Original,21-Feb-2009
Warwick,Tundra Hunter,15-Aug-2010
Warwick,Firefang,29-Mar-2011
Warwick,Hyena,05-Dec-2011
Warwick,Marauder,17-Feb-2015
Warwick,PROJECT,01-Aug-2019
Warwick,Big Bad,27-Apr-2010
Warwick,Feral,16-Nov-2010
Warwick,Lunar Guardian,08-Feb-2018
Warwick,Grey,08-Jul-2010
Warwick,Urf the Manatee,31-Mar-2010
Warwick,Urfwick,08-Nov-2017
Xayah,Original,18-Apr-2017
Xayah,Cosmic Dusk,18-Apr-2017
Xayah,Star Guardian,12-Sep-2019
Xayah,Sweetheart,12-Feb-2018
Xayah,SSG,20-Jul-2018
Xerath,Original,05-Oct-2011
Xerath,Runeborn,05-Oct-2011
Xerath,Battlecast,05-Oct-2011
Xerath,Scorched Earth,13-Jul-2012
Xerath,Guardian of the Sands,26-Apr-2015
Xerath,Dark Star,26-Mar-2020
XinZhao,Original,13-Jul-2010
XinZhao,Commando,13-Jul-2010
XinZhao,Warring Kingdoms,08-Feb-2013
XinZhao,Secret Agent,16-Mar-2015
XinZhao,Dragonslayer,09-Mar-2017
XinZhao,Cosmic Defender,21-Aug-2018
XinZhao,Imperial,13-Jul-2010
XinZhao,Viscero,22-Nov-2010
XinZhao,Winged Hussar,26-Sep-2011
Yasuo,Original,13-Dec-2013
Yasuo,High Noon,13-Dec-2013
Yasuo,PROJECT,31-Aug-2014
Yasuo,Blood Moon,25-Feb-2016
Yasuo,Nightbringer,14-Jun-2017
Yasuo,Odyssey,12-Sep-2018
Yasuo,Battle Boss,28-Jun-2019
Yasuo,True Damage,10-Nov-2019
Yorick,Original,22-Jun-2011
Yorick,Undertaker,21-Jun-2011
Yorick,Pentakill,21-Jun-2011
Yorick,Arclight,02-Oct-2017
Yorick,Meowrick,27-Mar-2019
Yuumi,Original,14-May-2019
Yuumi,Battle Principal,14-May-2019
Yuumi,Heartseeker,04-Feb-2020
Zac,Original,29-Mar-2013
Zac,Special Weapon,29-Mar-2013
Zac,Pool Party,25-Jun-2015
Zac,SKT T1,27-Jun-2017
Zed,Original,13-Nov-2012
Zed,Shockblade,13-Nov-2012
Zed,PROJECT,07-Sep-2015
Zed,Galaxy Slayer,18-Apr-2019
Zed,SKT T1,04-May-2014
Zed,Championship,25-Sep-2016
Zed,Death Sworn,25-Oct-2017
Ziggs,Original,01-Feb-2012
Ziggs,Mad Scientist,01-Feb-2012
Ziggs,Pool Party,04-Sep-2012
Ziggs,Master Arcanist,06-May-2015
Ziggs,Battle Boss,08-Aug-2017
Ziggs,Sugar Rush,17-Dec-2019
Ziggs,Major,01-Feb-2012
Ziggs,Snow Day,14-Dec-2012
Ziggs,Odyssey,12-Sep-2018
Zilean,Original,17-Apr-2009
Zilean,Groovy,27-Jul-2010
Zilean,Shurima Desert,08-Sep-2010
Zilean,Blood Moon,10-May-2015
Zilean,Sugar Rush,17-Dec-2019
Zilean,Old Saint,23-Dec-2009
Zilean,Time Machine,12-Apr-2011
Zoe,Original,21-Nov-2017
Zoe,Cyber Pop,21-Nov-2017
Zoe,Pool Party,02-Aug-2018
Zoe,Star Guardian,12-Sep-2019
Zyra,Original,24-Jul-2012
Zyra,Wildfire,24-Jul-2012
Zyra,Haunted,29-Oct-2013
Zyra,Dragon Sorceress,09-Mar-2017
Zyra,SKT T1,04-May-2014
Zyra,Coven,???
Zyra,Prestige Coven,???
